observation_id,anon_subject,arena_site,batch_sequence_id,batch_start,batch_stop
2026-HC-2PPSTREAM-A-B__2026-01-21_16-38-07,3,2PP,BT1,2026-01-21T16:39:50Z,2026-01-21T16:40:07Z
2026-HC-2PPSTREAM-A-B__2026-01-21_16-40-12,5,2PP,BT2,2026-01-21T16:40:12Z,2026-01-21T16:40:20Z
2026-HC-2PPSTREAM-A-B__2026-01-21_16-40-12,5,2PP,BT3,2026-01-21T16:40:24Z,2026-01-21T16:40:32Z
2026-HC-2PPSTREAM-A-B__2026-01-21_16-40-12,6,2PP,BT4,2026-01-21T16:41:06Z,2026-01-21T16:41:09Z
2026-HC-2PPSTREAM-A-B__2026-01-21_16-44-51,7,2PP,BT5,2026-01-21T16:44:56Z,2026-01-21T16:45:04Z
2026-HC-2PPSTREAM-A-B__2026-01-21_16-47-28,8,2PP,BT6,2026-01-21T16:48:16Z,2026-01-21T16:48:21Z
2026-HC-2PPSTREAM-A-B__2026-01-21_16-51-07,9,2PP,BT7,2026-01-21T16:51:26Z,2026-01-21T16:51:31Z
2026-HC-2PPSTREAM-A-B__2026-01-22_17-16-06,14,2PP,BT8,2026-01-22T17:17:12Z,2026-01-22T17:18:07Z
2026-HC-2PPSTREAM-A-B__2026-01-29_11-58-28,25,2PP,BT9,2026-01-29T11:58:44Z,2026-01-29T11:58:50Z
2026-HC-2PPSTREAM-A-B__2026-01-29_11-58-28,25,2PP,BT10,2026-01-29T11:58:57Z,2026-01-29T11:59:00Z
2026-HC-2PPSTREAM-A-B__2026-01-29_13-17-36,26,2PP,BT11,2026-01-29T13:18:32Z,2026-01-29T13:18:35Z
2026-HC-2PPSTREAM-A-B__2026-01-29_13-20-17,27,2PP,BT12,2026-01-29T13:20:49Z,2026-01-29T13:21:04Z
2026-HC-2PPSTREAM-A-B__2026-01-29_13-20-17,28,2PP,BT13,2026-01-29T13:21:33Z,2026-01-29T13:22:11Z
2026-HC-2PPSTREAM-A-B__2026-01-29_13-20-17,27,2PP,BT14,2026-01-29T13:22:03Z,2026-01-29T13:22:04Z
2026-HC-2PPSTREAM-A-B__2026-01-29_13-20-17,27,2PP,BT15,2026-01-29T13:22:13Z,2026-01-29T13:22:17Z
2026-HC-2PPSTREAM-A-B__2026-01-29_13-22-24,29,2PP,BT16,2026-01-29T13:22:57Z,2026-01-29T13:22:58Z
2026-HC-2PPSTREAM-A-B__2026-01-29_13-22-24,29,2PP,BT17,2026-01-29T13:23:17Z,2026-01-29T13:23:19Z
2026-HC-2PPSTREAM-A-B__2026-01-29_13-22-24,29,2PP,BT18,2026-01-29T13:23:30Z,2026-01-29T13:23:34Z
2026-HC-2PPSTREAM-A-B__2026-01-29_13-22-24,30,2PP,BT19,2026-01-29T13:23:47Z,2026-01-29T13:23:54Z
2026-HC-2PPSTREAM-A-B__2026-01-29_13-22-24,30,2PP,BT20,2026-01-29T13:23:59Z,2026-01-29T13:24:07Z
2026-HC-2PPSTREAM-A-B__2026-01-29_13-47-15,39,2PP,BT21,2026-01-29T13:47:56Z,2026-01-29T13:48:12Z
2026-HC-2PPSTREAM-A-B__2026-02-08_16-04-07,66,2PP,BT22,2026-02-08T16:04:36Z,2026-02-08T16:04:41Z
2026-HC-2PPSTREAM-A-B__2026-02-08_16-04-07,68,2PP,BT23,2026-02-08T16:04:59Z,2026-02-08T16:05:03Z
2026-HC-2PPSTREAM-A-B__2026-02-08_16-04-07,66,2PP,BT24,2026-02-08T16:05:14Z,2026-02-08T16:05:44Z
2026-HC-2PPSTREAM-A-B__2026-02-08_16-04-07,68,2PP,BT25,2026-02-08T16:05:58Z,2026-02-08T16:06:05Z
2026-HC-2PPSTREAM-A-B__2026-02-08_16-06-16,70,2PP,BT26,2026-02-08T16:06:33Z,2026-02-08T16:06:35Z
2026-HC-2PPSTREAM-A-B__2026-02-08_16-06-16,71,2PP,BT27,2026-02-08T16:08:19Z,2026-02-08T16:08:26Z
2026-HC-2PPSTREAM-A-B__2026-02-08_16-08-57,73,2PP,BT28,2026-02-08T16:09:10Z,2026-02-08T16:09:14Z
2026-HC-2PPSTREAM-A-B__2026-02-08_16-08-57,72,2PP,BT29,2026-02-08T16:09:42Z,2026-02-08T16:09:46Z
2026-HC-2PPSTREAM-A-B__2026-02-08_16-12-39,76,2PP,BT30,2026-02-08T16:12:47Z,2026-02-08T16:13:02Z
2026-HC-2PPSTREAM-A-B__2026-02-08_16-12-39,77,2PP,BT31,2026-02-08T16:12:58Z,2026-02-08T16:13:38Z
2026-HC-2PPSTREAM-A-B__2026-02-08_16-53-54,85,2PP,BT32,2026-02-08T16:54:38Z,2026-02-08T16:54:39Z
2026-HC-2PPSTREAM-A-B__2026-02-13_07-49-28,102,2PP,BT33,2026-02-13T07:50:56Z,2026-02-13T07:51:05Z
2026-HC-2PPSTREAM-A-B__2026-02-14_08-09-05,103,2PP,BT34,2026-02-14T08:09:17Z,2026-02-14T08:11:05Z
2026-HC-2PPSTREAM-A-B__2026-02-14_08-11-30,104,2PP,BT35,2026-02-14T08:11:37Z,2026-02-14T08:13:29Z
2026-HC-2PPSTREAM-A-B__2026-02-14_08-13-33,106,2PP,BT36,2026-02-14T08:13:39Z,2026-02-14T08:15:19Z
2026-HC-2PPSTREAM-A-B__2026-02-14_08-13-33,105,2PP,BT37,2026-02-14T08:14:02Z,2026-02-14T08:14:04Z
2026-HC-BBC-A-B__2026-01-13_17-58-21,122,BBC,BB1,2026-01-13T18:00:06Z,2026-01-13T18:00:10Z
2026-HC-BBC-A-B__2026-01-23_14-28-06,148,BBC,BB2,2026-01-23T14:29:18Z,2026-01-23T14:29:42Z
2026-HC-BBC-A-B__2026-01-23_14-28-06,148,BBC,BB3,2026-01-23T14:29:53Z,2026-01-23T14:30:12Z
2026-HC-BBC-A-B__2026-01-23_14-30-10,149,BBC,BB4,2026-01-23T14:31:41Z,2026-01-23T14:32:24Z
2026-HC-BBC-A-B__2026-01-31_16-50-55,155,BBC,BB5,2026-01-31T16:51:05Z,2026-01-31T16:51:48Z
2026-HC-BBC-A-B__2026-01-31_16-52-58,156,BBC,BB6,2026-01-31T16:53:36Z,2026-01-31T16:53:48Z
2026-HC-BBC-A-B__2026-01-31_16-52-58,156,BBC,BB7,2026-01-31T16:53:49Z,2026-01-31T16:54:06Z
2026-HC-BBC-A-B__2026-01-31_16-52-58,157,BBC,BB8,2026-01-31T16:53:51Z,2026-01-31T16:53:55Z
2026-HC-BBC-A-B__2026-01-31_16-52-58,157,BBC,BB9,2026-01-31T16:54:01Z,2026-01-31T16:54:09Z
2026-HC-BBC-A-B__2026-01-31_16-52-58,157,BBC,BB10,2026-01-31T16:54:10Z,2026-01-31T16:54:20Z
2026-HC-BBC-A-B__2026-01-31_16-52-58,157,BBC,BB11,2026-01-31T16:54:22Z,2026-01-31T16:54:26Z
2026-HC-BBC-A-B__2026-01-31_16-52-58,157,BBC,BB12,2026-01-31T16:54:32Z,2026-01-31T16:54:38Z
2026-HC-BBC-A-B__2026-01-31_16-52-58,157,BBC,BB13,2026-01-31T16:54:38Z,2026-01-31T16:54:44Z
2026-HC-BBC-A-B__2026-01-31_16-52-58,156,BBC,BB14,2026-01-31T16:54:43Z,2026-01-31T16:54:58Z
2026-HC-BBC-A-B__2026-01-31_16-52-58,157,BBC,BB15,2026-01-31T16:54:44Z,2026-01-31T16:54:54Z
2026-HC-BBC-A-B__2026-01-31_16-55-07,159,BBC,BB16,2026-01-31T16:55:36Z,2026-01-31T16:55:48Z
2026-HC-BBC-A-B__2026-01-31_17-21-32,169,BBC,BB17,2026-01-31T17:21:41Z,2026-01-31T17:21:43Z
2026-HC-BBC-A-B__2026-02-08_17-03-39,178,BBC,BB18,2026-02-08T17:03:50Z,2026-02-08T17:04:00Z
2026-HC-BBC-A-B__2026-02-08_17-06-02,180,BBC,BB19,2026-02-08T17:06:26Z,2026-02-08T17:06:37Z
2026-HC-BBC-A-B__2026-02-08_17-06-02,182,BBC,BB20,2026-02-08T17:07:46Z,2026-02-08T17:07:50Z
2026-HC-BBC-A-B__2026-02-08_17-08-24,183,BBC,BB21,2026-02-08T17:08:50Z,2026-02-08T17:08:54Z
2026-HC-BBC-A-B__2026-02-08_17-29-56,185,BBC,BB22,2026-02-08T17:30:06Z,2026-02-08T17:30:11Z
2026-HC-BBC-A-B__2026-02-08_17-29-56,184,BBC,BB23,2026-02-08T17:31:35Z,2026-02-08T17:31:42Z
2026-HC-BBC-A-B__2026-02-09_06-59-18,187,BBC,BB24,2026-02-09T06:59:31Z,2026-02-09T07:00:07Z
2026-HC-BBC-A-B__2026-02-09_07-01-21,188,BBC,BB25,2026-02-09T07:01:43Z,2026-02-09T07:01:49Z
2026-HC-BBC-A-B__2026-02-09_07-01-21,188,BBC,BB26,2026-02-09T07:02:17Z,2026-02-09T07:02:25Z
2026-HC-BBC-A-B__2026-02-11_15-20-42,194,BBC,BB27,2026-02-11T15:22:49Z,2026-02-11T15:23:07Z
2026-HC-BBC-A-B__2026-02-13_06-47-27,203,BBC,BB28,2026-02-13T06:47:32Z,2026-02-13T06:48:06Z
2026-HC-BBC-A-B__2026-02-13_14-07-02,204,BBC,BB29,2026-02-13T14:07:17Z,2026-02-13T14:08:41Z
2026-HC-BBC-A-B__2026-02-13_14-07-02,204,BBC,BB30,2026-02-13T14:08:48Z,2026-02-13T14:09:02Z
2026-HC-BBC-A-B__2026-02-13_14-10-28,205,BBC,BB31,2026-02-13T14:10:32Z,2026-02-13T14:11:30Z
2026-HC-BBC-A-B__2026-02-13_14-10-28,205,BBC,BB32,2026-02-13T14:11:42Z,2026-02-13T14:11:50Z
2026-HC-BBC-A-B__2026-02-13_14-10-28,205,BBC,BB33,2026-02-13T14:12:25Z,2026-02-13T14:12:28Z
2026-HC-BBC-A-B__2026-02-13_14-15-19,207,BBC,BB34,2026-02-13T14:15:23Z,2026-02-13T14:16:03Z
2026-HC-BBC-A-B__2026-02-13_14-17-27,210,BBC,BB35,2026-02-13T14:17:36Z,2026-02-13T14:17:43Z
2026-HC-BBC-A-B__2026-02-13_14-17-27,209,BBC,BB36,2026-02-13T14:17:48Z,2026-02-13T14:17:52Z
2026-HC-BBC-A-B__2026-02-13_14-17-27,211,BBC,BB37,2026-02-13T14:18:26Z,2026-02-13T14:18:43Z
2026-HC-BBC-A-B__2026-02-13_14-17-27,211,BBC,BB38,2026-02-13T14:19:07Z,2026-02-13T14:19:27Z
2026-HC-BBC-A-B__2026-02-13_14-19-29,213,BBC,BB39,2026-02-13T14:19:29Z,2026-02-13T14:20:10Z
2026-HC-BBC-A-B__2026-02-13_14-19-29,213,BBC,BB40,2026-02-13T14:20:20Z,2026-02-13T14:20:26Z
2026-HC-BBC-A-B__2026-02-13_14-19-29,213,BBC,BB41,2026-02-13T14:20:39Z,2026-02-13T14:21:00Z
2026-HC-BBC-A-B__2026-02-15_06-45-42,215,BBC,BB42,2026-02-15T06:46:00Z,2026-02-15T06:46:32Z
2026-HC-BBC-A-B__2026-02-15_06-45-42,216,BBC,BB43,2026-02-15T06:46:13Z,2026-02-15T06:46:18Z
