observation_id,observation_date,media_duration_m,coder_id_initials,arena_site,deployement_period,anon_subject,video_unique_subject,subject,age_sex,sequence_id,event_real_time_start,event_real_time_stop,seq_duration_m,bucket_inspect_duration_m,smells_hc_duration_m,man_hands_duration_m,bite_shell_duration_m,bite_pull_duration_m,roll_scrub_duration_m,hit_surface_duration_m,pound_stone_duration_m,total_process_duration_m,occurence_eat,success,tool_use,comments,flags
2026-HC-2PPSTREAM-A-B__2026-01-21_16-35-53,2026-01-21T16:35:53Z,2.0083333333333333,TW,2PP,1,2,Winston,Winston,adult male,HT1,2026-01-21T16:37:49Z,2026-01-21T16:37:53Z,0.06166666666666667,NA,NA,NA,NA,NA,NA,NA,NA,0,0,0,0,etna,flag - etna
2026-HC-2PPSTREAM-A-B__2026-01-21_16-38-07,2026-01-21T16:38:07Z,2.0083333333333333,TW,2PP,1,4,Winston,Winston,adult male,HT2,2026-01-21T16:38:11Z,2026-01-21T16:38:14Z,0.039433333333333334,NA,NA,0.008333333333333333,NA,NA,NA,NA,NA,0.008333333333333333,0,0,0,NA,NA
2026-HC-2PPSTREAM-A-B__2026-01-21_16-38-07,2026-01-21T16:38:07Z,2.0083333333333333,TW,2PP,1,4,Winston,Winston,adult male,HT3,2026-01-21T16:38:15Z,2026-01-21T16:38:20Z,0.07943333333333333,NA,NA,0.06943333333333333,NA,NA,NA,NA,NA,0.06943333333333333,0,0,0,NA,NA
2026-HC-2PPSTREAM-A-B__2026-01-21_16-38-07,2026-01-21T16:38:07Z,2.0083333333333333,TW,2PP,1,4,Winston,Winston,adult male,HT4,2026-01-21T16:38:41Z,2026-01-21T16:38:43Z,0.04778333333333333,NA,NA,NA,NA,NA,NA,NA,NA,0,0,0,0,NA,NA
2026-HC-2PPSTREAM-A-B__2026-01-21_16-38-07,2026-01-21T16:38:07Z,2.0083333333333333,TW,2PP,1,4,Winston,Winston,adult male,HT5,2026-01-21T16:38:53Z,2026-01-21T16:38:55Z,0.037200000000000004,NA,NA,0.02998333333333333,NA,NA,NA,NA,NA,0.02998333333333333,0,0,0,etna; etna,flag - etna; flag - etna
2026-HC-2PPSTREAM-A-B__2026-01-21_16-40-12,2026-01-21T16:40:12Z,2.012783333333333,TW,2PP,1,6,Winston,Winston,adult male,HT6,2026-01-21T16:41:04Z,2026-01-21T16:41:05Z,0.009449999999999998,NA,NA,NA,NA,NA,NA,NA,NA,0,0,0,0,NA,NA
2026-HC-2PPSTREAM-A-B__2026-01-21_16-44-51,2026-01-21T16:44:51Z,2.0088833333333334,TW,2PP,1,7,Winston,Winston,adult male,HT7,2026-01-21T16:44:51Z,2026-01-21T16:44:52Z,0.018883333333333332,NA,NA,NA,NA,NA,NA,NA,NA,0,0,0,0,cams not synced; camA is main,NA
2026-HC-2PPSTREAM-A-B__2026-01-21_16-44-51,2026-01-21T16:44:51Z,2.0088833333333334,TW,2PP,1,7,Winston,Winston,adult male,HT8,2026-01-21T16:44:53Z,2026-01-21T16:44:54Z,0.016116666666666665,NA,NA,NA,NA,NA,NA,NA,NA,0,0,0,0,NA,NA
2026-HC-2PPSTREAM-A-B__2026-01-21_16-44-51,2026-01-21T16:44:51Z,2.0088833333333334,TW,2PP,1,7,Winston,Winston,adult male,HT9,2026-01-21T16:44:54Z,2026-01-21T16:44:55Z,0.02,NA,NA,NA,NA,NA,NA,NA,NA,0,0,0,0,NA,NA
2026-HC-2PPSTREAM-A-B__2026-01-21_16-47-28,2026-01-21T16:47:28Z,2.0266666666666664,TW,2PP,1,8,Billy,Billy,adult male,HT10,2026-01-21T16:47:39Z,2026-01-21T16:48:02Z,0.3827833333333333,NA,NA,0.09998333333333333,NA,NA,NA,NA,NA,0.09998333333333333,7,1,0,adjust grip,NA
2026-HC-2PPSTREAM-A-B__2026-01-21_16-51-07,2026-01-21T16:51:07Z,2.143333333333333,TW,2PP,1,9,Billy,Billy,adult male,HT11,2026-01-21T16:51:16Z,2026-01-21T16:51:21Z,0.08721666666666666,NA,NA,0.06443333333333333,NA,NA,NA,NA,NA,0.06443333333333333,1,1,0,NA,NA
2026-HC-2PPSTREAM-A-B__2026-01-21_16-56-14,2026-01-21T16:56:14Z,2.1405499999999997,TW,2PP,1,10,Billy,Billy,adult male,HT12,2026-01-21T16:56:24Z,2026-01-21T16:56:25Z,0.015000000000000001,NA,NA,NA,NA,NA,NA,NA,NA,0,0,0,0,NA,NA
2026-HC-2PPSTREAM-A-B__2026-01-23_12-33-12,2026-01-23T12:33:12Z,2.146666666666667,TW,2PP,1,16,McQueen,McQueen,adult male,HT13,2026-01-23T12:33:21Z,2026-01-23T12:33:24Z,0.05,NA,NA,0.026116666666666667,NA,NA,NA,NA,NA,0.026116666666666667,0,0,0,NA,NA
2026-HC-2PPSTREAM-A-B__2026-01-29_11-58-28,2026-01-29T11:58:28Z,2.06055,TW,2PP,2,25,AF 4,NA,adult female,HT14,2026-01-29T11:58:37Z,2026-01-29T11:58:42Z,0.09223333333333333,NA,NA,0.04945,NA,NA,NA,NA,NA,0.04945,0,0,0,NA,NA
2026-HC-2PPSTREAM-A-B__2026-01-29_11-58-28,2026-01-29T11:58:28Z,2.06055,TW,2PP,2,25,AF 4,NA,adult female,HT15,2026-01-29T11:59:02Z,2026-01-29T11:59:03Z,0.022766666666666668,NA,NA,NA,NA,NA,NA,NA,NA,0,0,0,0,NA,NA
2026-HC-2PPSTREAM-A-B__2026-01-29_11-58-28,2026-01-29T11:58:28Z,2.06055,TW,2PP,2,25,AF 4,NA,adult female,HT16,2026-01-29T11:59:20Z,2026-01-29T11:59:30Z,0.17611666666666667,NA,NA,0.12775,NA,NA,NA,NA,NA,0.12775,0,0,0,NA,NA
2026-HC-2PPSTREAM-A-B__2026-01-29_11-58-28,2026-01-29T11:58:28Z,2.06055,TW,2PP,2,25,AF 4,NA,adult female,HT17,2026-01-29T11:59:50Z,2026-01-29T11:59:52Z,0.019450000000000002,NA,NA,NA,NA,NA,NA,NA,NA,0,0,0,0,NA,NA
2026-HC-2PPSTREAM-A-B__2026-01-29_13-17-36,2026-01-29T13:17:36Z,2.133883333333333,TW,2PP,2,26,Bullseye,Bullseye,subadult male,HT18,2026-01-29T13:17:47Z,2026-01-29T13:18:29Z,0.6933333333333334,NA,NA,0.26833333333333337,NA,NA,NA,NA,NA,0.26833333333333337,5,1,0,NA,NA
2026-HC-2PPSTREAM-A-B__2026-01-29_13-17-36,2026-01-29T13:17:36Z,2.133883333333333,TW,2PP,2,26,Bullseye,Bullseye,subadult male,HT19,2026-01-29T13:18:36Z,2026-01-29T13:18:39Z,0.04111666666666667,NA,NA,0.027783333333333333,NA,NA,NA,NA,NA,0.027783333333333333,0,0,0,NA,NA
2026-HC-2PPSTREAM-A-B__2026-01-29_13-17-36,2026-01-29T13:17:36Z,2.133883333333333,TW,2PP,2,26,Bullseye,Bullseye,subadult male,HT20,2026-01-29T13:18:41Z,2026-01-29T13:19:18Z,0.6216666666666666,NA,NA,0.23,NA,NA,NA,NA,NA,0.23,5,1,0,twist with hands,NA
2026-HC-2PPSTREAM-A-B__2026-01-29_13-17-36,2026-01-29T13:17:36Z,2.133883333333333,TW,2PP,2,26,Bullseye,Bullseye,subadult male,HT21,2026-01-29T13:19:19Z,2026-01-29T13:19:20Z,0.021116666666666666,NA,NA,NA,NA,NA,NA,NA,NA,0,0,0,0,NA,NA
2026-HC-2PPSTREAM-A-B__2026-01-29_13-17-36,2026-01-29T13:17:36Z,2.133883333333333,TW,2PP,2,26,Bullseye,Bullseye,subadult male,HT22,2026-01-29T13:19:21Z,2026-01-29T13:19:22Z,0.012216666666666666,NA,NA,NA,NA,NA,NA,NA,NA,0,0,0,0,NA,NA
2026-HC-2PPSTREAM-A-B__2026-01-29_13-17-36,2026-01-29T13:17:36Z,2.133883333333333,TW,2PP,2,26,Bullseye,Bullseye,subadult male,HT23,2026-01-29T13:19:23Z,2026-01-29T13:19:38Z,0.23611666666666667,NA,NA,0.07333333333333333,NA,NA,NA,NA,NA,0.07333333333333333,3,1,0,NA,NA
2026-HC-2PPSTREAM-A-B__2026-01-29_13-17-36,2026-01-29T13:17:36Z,2.133883333333333,TW,2PP,2,26,Bullseye,Bullseye,subadult male,HT24,2026-01-29T13:19:41Z,2026-01-29T13:19:44Z,0.03555,NA,NA,NA,NA,NA,NA,NA,NA,0,0,0,0,etna,flag - etna
2026-HC-2PPSTREAM-A-B__2026-01-29_13-20-17,2026-01-29T13:20:17Z,2.0033333333333334,TW,2PP,2,27,Bullseye,Bullseye,subadult male,HT25,2026-01-29T13:20:18Z,2026-01-29T13:20:21Z,0.054433333333333334,NA,NA,0.0361,0.016666666666666666,NA,NA,NA,NA,0.05276666666666666,0,0,0,NA,NA
2026-HC-2PPSTREAM-A-B__2026-01-29_13-20-17,2026-01-29T13:20:17Z,2.0033333333333334,TW,2PP,2,27,Bullseye,Bullseye,subadult male,HT26,2026-01-29T13:20:29Z,2026-01-29T13:20:37Z,0.13278333333333334,NA,NA,0.08555,0.016666666666666666,NA,NA,NA,NA,0.10221666666666666,0,0,0,NA,NA
2026-HC-2PPSTREAM-A-B__2026-01-29_13-20-17,2026-01-29T13:20:17Z,2.0033333333333334,TW,2PP,2,27,Bullseye,Bullseye,subadult male,HT27,2026-01-29T13:20:40Z,2026-01-29T13:20:45Z,0.08611666666666666,NA,NA,0.026116666666666667,0.016666666666666666,NA,NA,NA,NA,0.04278333333333333,0,0,0,NA,NA
2026-HC-2PPSTREAM-A-B__2026-01-29_13-20-17,2026-01-29T13:20:17Z,2.0033333333333334,TW,2PP,2,27,Bullseye,Bullseye,subadult male,HT28,2026-01-29T13:21:04Z,2026-01-29T13:21:14Z,0.16776666666666668,NA,NA,0.018333333333333333,NA,NA,NA,NA,NA,0.018333333333333333,0,0,0,NA,NA
2026-HC-2PPSTREAM-A-B__2026-01-29_13-20-17,2026-01-29T13:20:17Z,2.0033333333333334,TW,2PP,2,27,Bullseye,Bullseye,subadult male,HT29,2026-01-29T13:21:18Z,2026-01-29T13:21:27Z,0.15441666666666667,NA,NA,0.14331666666666668,NA,NA,NA,NA,NA,0.14331666666666668,0,0,0,etna; etna,flag - etna; flag - etna
2026-HC-2PPSTREAM-A-B__2026-01-29_13-20-17,2026-01-29T13:20:17Z,2.0033333333333334,TW,2PP,2,28,Richard,Richard,adult male,HT30,2026-01-29T13:21:23Z,2026-01-29T13:21:28Z,0.0911,NA,NA,0.03945,NA,NA,NA,NA,NA,0.03945,0,0,0,NA,NA
2026-HC-2PPSTREAM-A-B__2026-01-29_13-20-17,2026-01-29T13:20:17Z,2.0033333333333334,TW,2PP,2,28,Richard,Richard,adult male,HT31,2026-01-29T13:21:30Z,2026-01-29T13:21:32Z,0.03888333333333334,NA,NA,NA,NA,0.013883333333333333,NA,NA,NA,0.013883333333333333,1,1,0,NA,NA
2026-HC-2PPSTREAM-A-B__2026-01-29_13-20-17,2026-01-29T13:20:17Z,2.0033333333333334,TW,2PP,2,27,Bullseye,Bullseye,subadult male,HT32,2026-01-29T13:21:37Z,2026-01-29T13:21:56Z,0.30666666666666664,NA,NA,0.10666666666666667,NA,NA,NA,NA,NA,0.10666666666666667,6,1,0,stna; stna,flag - stna; flag - stna
2026-HC-2PPSTREAM-A-B__2026-01-29_13-20-17,2026-01-29T13:20:17Z,2.0033333333333334,TW,2PP,2,27,Bullseye,Bullseye,subadult male,HT33,2026-01-29T13:21:57Z,2026-01-29T13:22:02Z,0.08499999999999999,NA,NA,0.04721666666666667,NA,NA,NA,NA,NA,0.04721666666666667,0,0,0,NA,NA
2026-HC-2PPSTREAM-A-B__2026-01-29_13-20-17,2026-01-29T13:20:17Z,2.0033333333333334,TW,2PP,2,27,Bullseye,Bullseye,subadult male,HT34,2026-01-29T13:22:06Z,2026-01-29T13:22:08Z,0.043333333333333335,NA,NA,0.03055,NA,NA,NA,NA,NA,0.03055,0,0,0,NA,NA
2026-HC-2PPSTREAM-A-B__2026-01-29_13-20-17,2026-01-29T13:20:17Z,2.0033333333333334,TW,2PP,2,27,Bullseye,Bullseye,subadult male,HT35,2026-01-29T13:22:10Z,2026-01-29T13:22:11Z,0.017233333333333333,NA,NA,NA,NA,NA,NA,NA,NA,0,0,0,0,NA,NA
2026-HC-2PPSTREAM-A-B__2026-01-29_13-22-24,2026-01-29T13:22:24Z,2.015,TW,2PP,2,29,Bullseye,Bullseye,subadult male,HT36,2026-01-29T13:22:24Z,2026-01-29T13:22:47Z,0.38388333333333335,NA,NA,0.2705666666666667,NA,0.007216666666666666,NA,NA,NA,0.2777833333333334,1,1,0,stna; hands and foot,flag - stna
2026-HC-2PPSTREAM-A-B__2026-01-29_13-22-24,2026-01-29T13:22:24Z,2.015,TW,2PP,2,29,Bullseye,Bullseye,subadult male,HT37,2026-01-29T13:22:47Z,2026-01-29T13:22:48Z,0.021666666666666667,NA,NA,NA,NA,NA,NA,NA,NA,0,0,0,0,NA,NA
2026-HC-2PPSTREAM-A-B__2026-01-29_13-22-24,2026-01-29T13:22:24Z,2.015,TW,2PP,2,29,Bullseye,Bullseye,subadult male,HT38,2026-01-29T13:22:51Z,2026-01-29T13:22:53Z,0.03721666666666667,NA,NA,NA,NA,NA,NA,NA,NA,0,0,0,0,NA,NA
2026-HC-2PPSTREAM-A-B__2026-01-29_13-22-24,2026-01-29T13:22:24Z,2.015,TW,2PP,2,29,Bullseye,Bullseye,subadult male,HT39,2026-01-29T13:22:54Z,2026-01-29T13:22:55Z,0.019450000000000002,NA,NA,NA,NA,NA,NA,NA,NA,0,0,0,0,NA,NA
2026-HC-2PPSTREAM-A-B__2026-01-29_13-22-24,2026-01-29T13:22:24Z,2.015,TW,2PP,2,29,Bullseye,Bullseye,subadult male,HT40,2026-01-29T13:22:59Z,2026-01-29T13:23:05Z,0.10055,NA,NA,NA,0.016666666666666666,NA,NA,NA,NA,0.016666666666666666,0,0,0,NA,NA
2026-HC-2PPSTREAM-A-B__2026-01-29_13-22-24,2026-01-29T13:22:24Z,2.015,TW,2PP,2,29,Bullseye,Bullseye,subadult male,HT41,2026-01-29T13:23:10Z,2026-01-29T13:23:14Z,0.06611666666666667,NA,NA,0.015566666666666668,NA,NA,NA,NA,NA,0.015566666666666668,0,0,0,NA,NA
2026-HC-2PPSTREAM-A-B__2026-01-29_13-22-24,2026-01-29T13:22:24Z,2.015,TW,2PP,2,29,Bullseye,Bullseye,subadult male,HT42,2026-01-29T13:23:37Z,2026-01-29T13:23:43Z,0.09721666666666667,NA,NA,0.08611666666666666,NA,NA,NA,NA,NA,0.08611666666666666,0,0,0,NA,NA
2026-HC-2PPSTREAM-A-B__2026-01-29_13-22-24,2026-01-29T13:22:24Z,2.015,TW,2PP,2,30,Richard,Richard,adult male,HT43,2026-01-29T13:23:38Z,2026-01-29T13:23:45Z,0.12333333333333334,NA,NA,0.03331666666666667,NA,0.01,NA,NA,NA,0.04331666666666667,2,1,0,NA,NA
2026-HC-2PPSTREAM-A-B__2026-01-29_13-22-24,2026-01-29T13:22:24Z,2.015,TW,2PP,2,29,Bullseye,Bullseye,subadult male,HT44,2026-01-29T13:23:44Z,2026-01-29T13:24:24Z,0.6811166666666666,NA,NA,0.32221666666666665,NA,NA,NA,0.12611666666666654,NA,0.4483333333333332,0,0,0,etna; limited visibility; hands and foot; hands and foot; etna,flag - etna; flag - limited visibility; flag - etna
2026-HC-2PPSTREAM-A-B__2026-01-29_13-22-24,2026-01-29T13:22:24Z,2.015,TW,2PP,2,30,Richard,Richard,adult male,HT45,2026-01-29T13:23:54Z,2026-01-29T13:23:59Z,0.07776666666666668,NA,NA,NA,NA,NA,NA,NA,NA,0,3,1,0,NA,NA
2026-HC-2PPSTREAM-A-B__2026-01-29_13-22-24,2026-01-29T13:22:24Z,2.015,TW,2PP,2,30,Richard,Richard,adult male,HT46,2026-01-29T13:24:08Z,2026-01-29T13:24:12Z,0.06776666666666667,NA,NA,0.02333333333333333,NA,NA,NA,NA,NA,0.02333333333333333,1,1,0,NA,NA
2026-HC-2PPSTREAM-A-B__2026-01-29_13-22-24,2026-01-29T13:22:24Z,2.015,TW,2PP,2,30,Richard,Richard,adult male,HT47,2026-01-29T13:24:12Z,2026-01-29T13:24:24Z,0.20111666666666667,NA,NA,0.16941666666666666,NA,NA,NA,NA,NA,0.16941666666666666,2,1,0,"etna; succeeded at pulling out crab body, then dropped it without eating; licks finger; licks finger",flag - etna
2026-HC-2PPSTREAM-A-B__2026-01-29_13-24-38,2026-01-29T13:24:38Z,2.1516666666666664,TW,2PP,2,33,Richard,Richard,adult male,HT48,2026-01-29T13:24:38Z,2026-01-29T13:24:45Z,0.12888333333333332,NA,NA,0.11109999999999999,NA,NA,NA,NA,NA,0.11109999999999999,2,1,0,stna; licks finger; licks,flag - stna
2026-HC-2PPSTREAM-A-B__2026-01-29_13-24-38,2026-01-29T13:24:38Z,2.1516666666666664,TW,2PP,2,33,Richard,Richard,adult male,HT49,2026-01-29T13:24:46Z,2026-01-29T13:24:48Z,0.041100000000000005,NA,NA,NA,NA,NA,NA,NA,NA,0,0,0,0,NA,NA
2026-HC-2PPSTREAM-A-B__2026-01-29_13-24-38,2026-01-29T13:24:38Z,2.1516666666666664,TW,2PP,2,33,Richard,Richard,adult male,HT50,2026-01-29T13:24:48Z,2026-01-29T13:24:55Z,0.11778333333333334,NA,NA,0.05776666666666667,NA,0.0089,NA,NA,NA,0.06666666666666667,1,1,0,NA,NA
2026-HC-2PPSTREAM-A-B__2026-01-29_13-24-38,2026-01-29T13:24:38Z,2.1516666666666664,TW,2PP,2,33,Richard,Richard,adult male,HT51,2026-01-29T13:24:56Z,2026-01-29T13:24:58Z,0.044449999999999996,0.033883333333333335,NA,NA,NA,NA,NA,NA,NA,0,0,0,0,NA,NA
2026-HC-2PPSTREAM-A-B__2026-01-29_13-24-38,2026-01-29T13:24:38Z,2.1516666666666664,TW,2PP,2,33,Richard,Richard,adult male,HT52,2026-01-29T13:24:59Z,2026-01-29T13:25:09Z,0.1672,0.033883333333333335,NA,NA,NA,NA,NA,NA,NA,0,0,0,0,etna,flag - etna
2026-HC-2PPSTREAM-A-B__2026-01-29_13-24-38,2026-01-29T13:24:38Z,2.1516666666666664,TW,2PP,2,31,Bullseye,Bullseye,subadult male,HT53,2026-01-29T13:25:11Z,2026-01-29T13:25:13Z,0.03166666666666666,NA,NA,NA,NA,NA,NA,NA,NA,0,0,0,0,NA,NA
2026-HC-2PPSTREAM-A-B__2026-01-29_13-24-38,2026-01-29T13:24:38Z,2.1516666666666664,TW,2PP,2,31,Bullseye,Bullseye,subadult male,HT54,2026-01-29T13:25:13Z,2026-01-29T13:25:20Z,0.11831666666666667,NA,NA,0.030000000000000002,NA,NA,NA,NA,NA,0.030000000000000002,0,0,0,etna,flag - etna
2026-HC-2PPSTREAM-A-B__2026-01-29_13-24-38,2026-01-29T13:24:38Z,2.1516666666666664,TW,2PP,2,32,Martha,Martha,adult female,HT55,2026-01-29T13:25:37Z,2026-01-29T13:26:35Z,0.95665,NA,NA,0.12388333333333333,NA,NA,NA,0.4553255911517927,NA,0.5792089244851261,0,0,0,etna; HC flies; limited visibility; limited visibility; limited visibility; limited visibility; limited visibility; limited visibility; limited visibility; limited visibility; limited visibility; limited visibility; limited visibility; limited visibility; limited visibility; limited visibility; limited visibility; limited visibility,flag - etna; flag - limited visibility; flag - limited visibility; flag - limited visibility; flag - limited visibility; flag - limited visibility; flag - limited visibility; flag - limited visibility; flag - limited visibility; flag - limited visibility; flag - limited visibility; flag - limited visibility; flag - limited visibility; flag - limited visibility; flag - limited visibility; flag - limited visibility; flag - limited visibility
2026-HC-2PPSTREAM-A-B__2026-01-29_13-24-38,2026-01-29T13:24:38Z,2.1516666666666664,TW,2PP,2,34,AM 5,NA,adult male,HT56,2026-01-29T13:26:38Z,2026-01-29T13:26:43Z,0.07666666666666666,NA,NA,0.023899999999999998,NA,NA,NA,NA,NA,0.023899999999999998,2,1,0,Richard,NA
2026-HC-2PPSTREAM-A-B__2026-01-29_13-24-38,2026-01-29T13:24:38Z,2.1516666666666664,TW,2PP,2,34,AM 5,NA,adult male,HT57,2026-01-29T13:26:44Z,2026-01-29T13:26:47Z,0.03833333333333333,NA,NA,0.028883333333333334,NA,NA,NA,NA,NA,0.028883333333333334,0,0,0,etna; etna,flag - etna; flag - etna
2026-HC-2PPSTREAM-A-B__2026-01-29_13-44-53,2026-01-29T13:44:53Z,2.1683333333333334,TW,2PP,2,37,JUV 6,NA,juvenile,HT58,2026-01-29T13:45:21Z,2026-01-29T13:45:25Z,0.060000000000000005,NA,NA,NA,NA,NA,NA,NA,NA,0,0,0,0,NA,NA
2026-HC-2PPSTREAM-A-B__2026-01-29_13-44-53,2026-01-29T13:44:53Z,2.1683333333333334,TW,2PP,2,35,Leif,Leif,subadult male,HT59,2026-01-29T13:45:39Z,2026-01-29T13:46:17Z,0.6311166666666667,NA,NA,0.14443333333333333,NA,NA,NA,0.15499999999999994,NA,0.2994333333333333,1,1,0,NA,NA
2026-HC-2PPSTREAM-A-B__2026-01-29_13-44-53,2026-01-29T13:44:53Z,2.1683333333333334,TW,2PP,2,36,Robin,Robin,juvenile male,HT60,2026-01-29T13:46:19Z,2026-01-29T13:46:42Z,0.38331666666666664,NA,NA,NA,NA,NA,NA,NA,0.12221666666666688,0.12221666666666688,0,0,1,etna; limited visibility; limited visibility,flag - etna; flag - limited visibility; flag - limited visibility
2026-HC-2PPSTREAM-A-B__2026-01-29_13-44-53,2026-01-29T13:44:53Z,2.1683333333333334,TW,2PP,2,35,Leif,Leif,subadult male,HT61,2026-01-29T13:46:37Z,2026-01-29T13:46:38Z,0.015566666666666668,NA,NA,NA,NA,NA,NA,NA,NA,0,0,0,0,NA,NA
2026-HC-2PPSTREAM-A-B__2026-01-29_13-44-53,2026-01-29T13:44:53Z,2.1683333333333334,TW,2PP,2,35,Leif,Leif,subadult male,HT62,2026-01-29T13:46:46Z,2026-01-29T13:46:57Z,0.18666666666666665,NA,0.012216666666666669,0.016666666666666666,NA,NA,NA,NA,NA,0.016666666666666666,2,1,0,NA,NA
2026-HC-2PPSTREAM-A-B__2026-01-29_13-44-53,2026-01-29T13:44:53Z,2.1683333333333334,TW,2PP,2,35,Leif,Leif,subadult male,HT63,2026-01-29T13:47:02Z,2026-01-29T13:47:03Z,0.01778333333333333,NA,NA,NA,NA,NA,NA,NA,NA,0,0,0,0,etna,flag - etna
2026-HC-2PPSTREAM-A-B__2026-01-29_13-47-15,2026-01-29T13:47:15Z,2.0277833333333333,TW,2PP,2,39,Leif,Leif,subadult male,HT64,2026-01-29T13:47:16Z,2026-01-29T13:47:19Z,0.05278333333333333,NA,NA,NA,NA,NA,NA,NA,NA,0,0,0,0,NA,NA
2026-HC-2PPSTREAM-A-B__2026-01-29_13-47-15,2026-01-29T13:47:15Z,2.0277833333333333,TW,2PP,2,39,Leif,Leif,subadult male,HT65,2026-01-29T13:47:23Z,2026-01-29T13:47:51Z,0.46276666666666666,NA,NA,0.0989,NA,NA,NA,0.21055,NA,0.30945,1,1,0,limited visibility; limited visibility,flag - limited visibility; flag - limited visibility
2026-HC-2PPSTREAM-A-B__2026-01-29_13-47-15,2026-01-29T13:47:15Z,2.0277833333333333,TW,2PP,2,39,Leif,Leif,subadult male,HT66,2026-01-29T13:48:14Z,2026-01-29T13:48:25Z,0.18000000000000002,NA,NA,NA,NA,NA,NA,NA,NA,0,0,0,0,NA,NA
2026-HC-2PPSTREAM-A-B__2026-01-29_13-47-15,2026-01-29T13:47:15Z,2.0277833333333333,TW,2PP,2,39,Leif,Leif,subadult male,HT67,2026-01-29T13:48:29Z,2026-01-29T13:48:38Z,0.15221666666666664,NA,NA,NA,NA,NA,NA,NA,NA,0,0,0,0,etna,flag - etna
2026-HC-2PPSTREAM-A-B__2026-01-29_13-49-41,2026-01-29T13:49:41Z,2.15945,TW,2PP,2,41,Robin,Robin,juvenile male,HT68,2026-01-29T13:49:56Z,2026-01-29T13:50:11Z,0.24553333333333333,NA,NA,NA,NA,NA,NA,NA,NA,0,0,0,0,etna,flag - etna
2026-HC-2PPSTREAM-A-B__2026-01-29_13-49-41,2026-01-29T13:49:41Z,2.15945,TW,2PP,2,40,Leif,Leif,subadult male,HT69,2026-01-29T13:50:31Z,2026-01-29T13:50:43Z,0.20721666666666666,NA,NA,0.03335,NA,NA,NA,0.07833333333333338,NA,0.11168333333333337,3,1,0,NA,NA
2026-HC-2PPSTREAM-A-B__2026-01-29_13-49-41,2026-01-29T13:49:41Z,2.15945,TW,2PP,2,40,Leif,Leif,subadult male,HT70,2026-01-29T13:50:55Z,2026-01-29T13:51:20Z,0.42888333333333334,NA,NA,0.028333333333333332,NA,NA,NA,0.25888333333333335,NA,0.2872166666666667,2,1,0,NA,NA
2026-HC-2PPSTREAM-A-B__2026-01-29_13-49-41,2026-01-29T13:49:41Z,2.15945,TW,2PP,2,40,Leif,Leif,subadult male,HT71,2026-01-29T13:51:32Z,2026-01-29T13:51:41Z,0.14441666666666667,NA,NA,0.020566666666666667,NA,NA,NA,NA,NA,0.020566666666666667,0,0,0,etna,flag - etna
2026-HC-2PPSTREAM-A-B__2026-01-29_13-52-13,2026-01-29T13:52:13Z,2.2199999999999998,TW,2PP,2,42,Leif,Leif,subadult male,HT72,2026-01-29T13:52:43Z,2026-01-29T13:54:06Z,1.3888833333333332,NA,NA,0.23168333333333332,NA,NA,NA,0.5406845156369184,NA,0.7723678489702517,2,1,0,NA,NA
2026-HC-2PPSTREAM-A-B__2026-01-29_13-52-13,2026-01-29T13:52:13Z,2.2199999999999998,TW,2PP,2,43,Meemee,Meemee,adult female,HT73,2026-01-29T13:53:51Z,2026-01-29T13:53:54Z,0.037766666666666664,NA,0.017216666666666665,NA,NA,NA,NA,NA,NA,0,0,0,0,NA,NA
2026-HC-2PPSTREAM-A-B__2026-01-29_13-55-04,2026-01-29T13:55:04Z,2.0611166666666665,TW,2PP,2,44,Martha,Martha,adult female,HT74,2026-01-29T13:55:10Z,2026-01-29T13:55:11Z,0.004433333333333333,NA,NA,NA,NA,NA,NA,NA,NA,0,0,0,0,NA,NA
2026-HC-2PPSTREAM-A-B__2026-01-29_13-55-04,2026-01-29T13:55:04Z,2.0611166666666665,TW,2PP,2,44,Martha,Martha,adult female,HT75,2026-01-29T13:55:11Z,2026-01-29T13:55:12Z,0.012216666666666666,NA,NA,NA,NA,NA,NA,NA,NA,0,0,0,0,NA,NA
2026-HC-2PPSTREAM-A-B__2026-01-29_13-55-04,2026-01-29T13:55:04Z,2.0611166666666665,TW,2PP,2,44,Martha,Martha,adult female,HT76,2026-01-29T13:55:19Z,2026-01-29T13:55:20Z,0.011666666666666665,NA,NA,NA,NA,NA,NA,NA,NA,0,0,0,0,NA,NA
2026-HC-2PPSTREAM-A-B__2026-01-29_13-55-04,2026-01-29T13:55:04Z,2.0611166666666665,TW,2PP,2,44,Martha,Martha,adult female,HT77,2026-01-29T13:55:25Z,2026-01-29T13:55:26Z,0.018883333333333332,NA,NA,NA,NA,NA,NA,NA,NA,0,0,0,0,NA,NA
2026-HC-2PPSTREAM-A-B__2026-01-29_14-04-46,2026-01-29T14:04:46Z,2.00555,TW,2PP,2,45,Richard,Richard,adult male,HT78,2026-01-29T14:04:50Z,2026-01-29T14:04:51Z,0.012216666666666666,NA,NA,NA,NA,NA,NA,NA,NA,0,0,0,0,NA,NA
2026-HC-2PPSTREAM-A-B__2026-01-29_14-04-46,2026-01-29T14:04:46Z,2.00555,TW,2PP,2,45,Richard,Richard,adult male,HT79,2026-01-29T14:04:53Z,2026-01-29T14:04:54Z,0.025,NA,0.009449999999999998,NA,NA,NA,NA,NA,NA,0,0,0,0,NA,NA
2026-HC-2PPSTREAM-A-B__2026-01-29_14-04-46,2026-01-29T14:04:46Z,2.00555,TW,2PP,2,45,Richard,Richard,adult male,HT80,2026-01-29T14:04:56Z,2026-01-29T14:05:02Z,0.09555,NA,NA,NA,NA,NA,NA,NA,NA,0,0,0,0,NA,NA
2026-HC-2PPSTREAM-A-B__2026-01-30_14-39-01,2026-01-30T14:39:01Z,2.4327833333333335,TW,2PP,2,47,JUV 8,NA,juvenile,HT81,2026-01-30T14:39:39Z,2026-01-30T14:39:45Z,0.09833333333333334,NA,0.0111,NA,NA,NA,NA,NA,NA,0,0,0,0,NA,NA
2026-HC-2PPSTREAM-A-B__2026-01-30_14-39-01,2026-01-30T14:39:01Z,2.4327833333333335,TW,2PP,2,47,JUV 8,NA,juvenile,HT82,2026-01-30T14:39:55Z,2026-01-30T14:39:57Z,0.04833333333333333,NA,0.013333333333333334,NA,NA,NA,NA,NA,NA,0,0,0,0,NA,NA
2026-HC-2PPSTREAM-A-B__2026-02-02_10-21-21,2026-02-02T10:21:21Z,2.17445,TW,2PP,2,55,JUV 10,NA,juvenile,HT83,2026-02-02T10:21:54Z,2026-02-02T10:22:19Z,0.4205666666666667,NA,NA,0.2905666666666667,NA,0.02,NA,NA,NA,0.31056666666666666,0,0,0,NA,NA
2026-HC-2PPSTREAM-A-B__2026-02-08_16-04-07,2026-02-08T16:04:07Z,2.1588833333333333,TW,2PP,3,66,Alfalfa,Alfalfa,adult male,HT84,2026-02-08T16:04:12Z,2026-02-08T16:04:20Z,0.13833333333333334,NA,NA,0.08499999999999999,NA,NA,NA,NA,NA,0.08499999999999999,1,1,0,NA,NA
2026-HC-2PPSTREAM-A-B__2026-02-08_16-04-07,2026-02-08T16:04:07Z,2.1588833333333333,TW,2PP,3,66,Alfalfa,Alfalfa,adult male,HT85,2026-02-08T16:04:23Z,2026-02-08T16:04:29Z,0.1,NA,NA,0.08721666666666666,NA,NA,NA,NA,NA,0.08721666666666666,0,0,0,NA,NA
2026-HC-2PPSTREAM-A-B__2026-02-08_16-04-07,2026-02-08T16:04:07Z,2.1588833333333333,TW,2PP,3,68,JUV 19,NA,juvenile,HT86,2026-02-08T16:04:30Z,2026-02-08T16:04:51Z,0.34833333333333333,NA,NA,0.04554999999999999,NA,NA,NA,NA,NA,0.04554999999999999,2,1,0,NA,NA
2026-HC-2PPSTREAM-A-B__2026-02-08_16-04-07,2026-02-08T16:04:07Z,2.1588833333333333,TW,2PP,3,66,Alfalfa,Alfalfa,adult male,HT87,2026-02-08T16:04:31Z,2026-02-08T16:04:35Z,0.05778333333333333,NA,0.0022166666666666667,0.044983333333333334,NA,NA,NA,NA,NA,0.044983333333333334,0,0,0,NA,NA
2026-HC-2PPSTREAM-A-B__2026-02-08_16-04-07,2026-02-08T16:04:07Z,2.1588833333333333,TW,2PP,3,66,Alfalfa,Alfalfa,adult male,HT88,2026-02-08T16:04:47Z,2026-02-08T16:04:54Z,0.11610000000000001,NA,NA,0.042216666666666666,NA,0.02333333333333333,NA,NA,NA,0.06555,1,1,0,bite and pull with teeth; much of HC uneaten,NA
2026-HC-2PPSTREAM-A-B__2026-02-08_16-04-07,2026-02-08T16:04:07Z,2.1588833333333333,TW,2PP,3,66,Alfalfa,Alfalfa,adult male,HT89,2026-02-08T16:05:00Z,2026-02-08T16:05:12Z,0.20166666666666666,NA,NA,0.07001666666666667,0.016666666666666666,NA,NA,NA,NA,0.08668333333333335,4,1,0,NA,NA
2026-HC-2PPSTREAM-A-B__2026-02-08_16-04-07,2026-02-08T16:04:07Z,2.1588833333333333,TW,2PP,3,68,JUV 19,NA,juvenile,HT90,2026-02-08T16:05:11Z,2026-02-08T16:05:11Z,0.00445,NA,NA,NA,NA,NA,NA,NA,NA,0,0,0,0,NA,NA
2026-HC-2PPSTREAM-A-B__2026-02-08_16-04-07,2026-02-08T16:04:07Z,2.1588833333333333,TW,2PP,3,67,Professor,Professor,subadult male,HT91,2026-02-08T16:05:25Z,2026-02-08T16:05:26Z,0.022783333333333333,NA,NA,NA,NA,NA,NA,NA,NA,0,0,0,0,NA,NA
2026-HC-2PPSTREAM-A-B__2026-02-08_16-04-07,2026-02-08T16:04:07Z,2.1588833333333333,TW,2PP,3,68,JUV 19,NA,juvenile,HT92,2026-02-08T16:05:26Z,2026-02-08T16:05:28Z,0.02333333333333333,NA,0.011666666666666665,NA,NA,NA,NA,NA,NA,0,0,0,0,NA,NA
2026-HC-2PPSTREAM-A-B__2026-02-08_16-04-07,2026-02-08T16:04:07Z,2.1588833333333333,TW,2PP,3,68,JUV 19,NA,juvenile,HT93,2026-02-08T16:05:31Z,2026-02-08T16:05:40Z,0.14278333333333335,NA,0.007783333333333334,NA,NA,NA,0.008883333333333333,0.02255892448512591,NA,0.03144225781845924,0,0,0,NA,NA
2026-HC-2PPSTREAM-A-B__2026-02-08_16-04-07,2026-02-08T16:04:07Z,2.1588833333333333,TW,2PP,3,67,Professor,Professor,subadult male,HT94,2026-02-08T16:05:35Z,2026-02-08T16:05:37Z,0.044449999999999996,NA,0.020550000000000002,NA,NA,NA,NA,NA,NA,0,0,0,0,NA,NA
2026-HC-2PPSTREAM-A-B__2026-02-08_16-04-07,2026-02-08T16:04:07Z,2.1588833333333333,TW,2PP,3,68,JUV 19,NA,juvenile,HT95,2026-02-08T16:05:48Z,2026-02-08T16:05:51Z,0.060566666666666664,NA,0.018333333333333333,0.025,NA,NA,NA,NA,NA,0.025,0,0,0,NA,NA
2026-HC-2PPSTREAM-A-B__2026-02-08_16-04-07,2026-02-08T16:04:07Z,2.1588833333333333,TW,2PP,3,68,JUV 19,NA,juvenile,HT96,2026-02-08T16:05:54Z,2026-02-08T16:05:54Z,0.00445,NA,NA,NA,NA,NA,NA,NA,NA,0,0,0,0,NA,NA
2026-HC-2PPSTREAM-A-B__2026-02-08_16-04-07,2026-02-08T16:04:07Z,2.1588833333333333,TW,2PP,3,66,Alfalfa,Alfalfa,adult male,HT97,2026-02-08T16:05:55Z,2026-02-08T16:06:07Z,0.18886666666666668,NA,NA,0.08053333333333333,NA,NA,NA,0.09221666666666668,NA,0.17275000000000004,0,0,0,etna; etna,flag - etna; flag - etna
2026-HC-2PPSTREAM-A-B__2026-02-08_16-06-16,2026-02-08T16:06:16Z,2.2394499999999997,TW,2PP,3,69,Alfalfa,Alfalfa,adult male,HT98,2026-02-08T16:07:31Z,2026-02-08T16:07:33Z,0.035,NA,NA,0.020566666666666667,NA,NA,NA,NA,NA,0.020566666666666667,0,0,0,NA,NA
2026-HC-2PPSTREAM-A-B__2026-02-08_16-06-16,2026-02-08T16:06:16Z,2.2394499999999997,TW,2PP,3,69,Alfalfa,Alfalfa,adult male,HT99,2026-02-08T16:07:35Z,2026-02-08T16:08:16Z,0.6699833333333333,NA,NA,0.018333333333333333,NA,NA,NA,0.16422559115179233,NA,0.18255892448512565,0,0,0,etna; limited visibility; limited visibility; limited visibility; limited visibility; limited visibility; limited visibility; limited visibility; limited visibility,flag - limited visibility; flag - limited visibility; flag - limited visibility; flag - limited visibility; flag - limited visibility; flag - limited visibility; flag - limited visibility; flag - limited visibility
2026-HC-2PPSTREAM-A-B__2026-02-08_16-06-16,2026-02-08T16:06:16Z,2.2394499999999997,TW,2PP,3,71,JUV 21,NA,juvenile,HT100,2026-02-08T16:08:28Z,2026-02-08T16:08:30Z,0.028883333333333334,NA,NA,NA,NA,NA,NA,NA,NA,0,0,0,0,etna,flag - etna
2026-HC-2PPSTREAM-A-B__2026-02-08_16-08-57,2026-02-08T16:08:57Z,2.21,TW,2PP,3,73,JUV 22,NA,juvenile,HT101,2026-02-08T16:09:15Z,2026-02-08T16:09:19Z,0.05888333333333333,NA,NA,NA,NA,NA,NA,NA,NA,0,0,0,0,NA,NA
2026-HC-2PPSTREAM-A-B__2026-02-08_16-08-57,2026-02-08T16:08:57Z,2.21,TW,2PP,3,73,JUV 22,NA,juvenile,HT102,2026-02-08T16:09:20Z,2026-02-08T16:09:39Z,0.3077666666666667,0.027216666666666667,0.005,NA,NA,NA,NA,NA,NA,0,0,0,0,NA,NA
2026-HC-2PPSTREAM-A-B__2026-02-08_16-08-57,2026-02-08T16:08:57Z,2.21,TW,2PP,3,72,Alfalfa,Alfalfa,adult male,HT103,2026-02-08T16:09:22Z,2026-02-08T16:09:24Z,0.0211,NA,NA,NA,NA,NA,NA,NA,NA,0,0,0,0,NA,NA
2026-HC-2PPSTREAM-A-B__2026-02-08_16-08-57,2026-02-08T16:08:57Z,2.21,TW,2PP,3,72,Alfalfa,Alfalfa,adult male,HT104,2026-02-08T16:09:25Z,2026-02-08T16:09:41Z,0.27276666666666666,NA,NA,0.2588833333333333,NA,NA,NA,NA,NA,0.2588833333333333,0,0,0,NA,NA
2026-HC-2PPSTREAM-A-B__2026-02-08_16-08-57,2026-02-08T16:08:57Z,2.21,TW,2PP,3,73,JUV 22,NA,juvenile,HT105,2026-02-08T16:09:40Z,2026-02-08T16:09:49Z,0.1539,NA,0.0089,NA,NA,NA,NA,0.013883333333333307,NA,0.013883333333333307,0,0,0,limited visibility; use of tail to hold HC in place (obstructs view),flag - limited visibility
2026-HC-2PPSTREAM-A-B__2026-02-08_16-08-57,2026-02-08T16:08:57Z,2.21,TW,2PP,3,74,JUV 23,NA,juvenile,HT106,2026-02-08T16:09:44Z,2026-02-08T16:09:49Z,0.07723333333333333,NA,0.032216666666666664,NA,NA,NA,NA,NA,NA,0,0,0,0,stna,flag - stna
2026-HC-2PPSTREAM-A-B__2026-02-08_16-08-57,2026-02-08T16:08:57Z,2.21,TW,2PP,3,74,JUV 23,NA,juvenile,HT107,2026-02-08T16:09:51Z,2026-02-08T16:09:54Z,0.05945,NA,NA,NA,NA,NA,NA,NA,NA,0,0,0,0,NA,NA
2026-HC-2PPSTREAM-A-B__2026-02-08_16-08-57,2026-02-08T16:08:57Z,2.21,TW,2PP,3,73,JUV 22,NA,juvenile,HT108,2026-02-08T16:09:55Z,2026-02-08T16:09:59Z,0.06608333333333333,NA,NA,NA,NA,NA,NA,NA,NA,0,0,0,0,etna,flag - etna
2026-HC-2PPSTREAM-A-B__2026-02-08_16-08-57,2026-02-08T16:08:57Z,2.21,TW,2PP,3,75,JUV 24,NA,juvenile,HT109,2026-02-08T16:10:00Z,2026-02-08T16:10:07Z,0.11666666666666667,NA,0.007216666666666666,0.08166666666666668,NA,NA,NA,NA,NA,0.08166666666666668,0,0,0,NA,NA
2026-HC-2PPSTREAM-A-B__2026-02-08_16-08-57,2026-02-08T16:08:57Z,2.21,TW,2PP,3,75,JUV 24,NA,juvenile,HT110,2026-02-08T16:10:13Z,2026-02-08T16:10:18Z,0.08943333333333332,NA,0.05331666666666667,NA,NA,NA,NA,NA,NA,0,0,0,0,etna,flag - etna
2026-HC-2PPSTREAM-A-B__2026-02-08_16-12-39,2026-02-08T16:12:39Z,1.965,TW,2PP,3,78,Dimples,Dimples,adult male,HT111,2026-02-08T16:12:45Z,2026-02-08T16:12:46Z,0.021666666666666667,NA,NA,NA,NA,NA,NA,NA,NA,0,0,0,0,NA,NA
2026-HC-2PPSTREAM-A-B__2026-02-08_16-12-39,2026-02-08T16:12:39Z,1.965,TW,2PP,3,78,Dimples,Dimples,adult male,HT112,2026-02-08T16:12:51Z,2026-02-08T16:12:53Z,0.022216666666666666,NA,NA,NA,NA,NA,NA,NA,NA,0,0,0,0,NA,NA
2026-HC-2PPSTREAM-A-B__2026-02-08_16-12-39,2026-02-08T16:12:39Z,1.965,TW,2PP,3,78,Dimples,Dimples,adult male,HT113,2026-02-08T16:12:57Z,2026-02-08T16:13:33Z,0.60055,NA,NA,0.1299833333333333,NA,0.047766666666666666,NA,0.03534225781845917,NA,0.21309225781845917,2,1,0,limited visibility,flag - limited visibility
2026-HC-2PPSTREAM-A-B__2026-02-08_16-12-39,2026-02-08T16:12:39Z,1.965,TW,2PP,3,79,JUV 25,NA,juvenile,HT114,2026-02-08T16:12:58Z,2026-02-08T16:12:59Z,0.017766666666666667,NA,NA,NA,NA,NA,NA,NA,NA,0,0,0,0,etna,flag - etna
2026-HC-2PPSTREAM-A-B__2026-02-08_16-12-39,2026-02-08T16:12:39Z,1.965,TW,2PP,3,79,JUV 25,NA,juvenile,HT115,2026-02-08T16:13:18Z,2026-02-08T16:13:21Z,0.05221666666666667,NA,0.012766666666666667,NA,NA,NA,NA,NA,NA,0,0,0,0,NA,NA
2026-HC-2PPSTREAM-A-B__2026-02-08_16-12-39,2026-02-08T16:12:39Z,1.965,TW,2PP,3,79,JUV 25,NA,juvenile,HT116,2026-02-08T16:13:22Z,2026-02-08T16:13:25Z,0.065,NA,0.009449999999999998,0.036083333333333335,NA,NA,NA,NA,NA,0.036083333333333335,0,0,0,NA,NA
2026-HC-2PPSTREAM-A-B__2026-02-08_16-12-39,2026-02-08T16:12:39Z,1.965,TW,2PP,3,79,JUV 25,NA,juvenile,HT117,2026-02-08T16:13:34Z,2026-02-08T16:13:36Z,0.03833333333333333,NA,0.015550000000000001,NA,NA,NA,NA,NA,NA,0,0,0,0,NA,NA
2026-HC-2PPSTREAM-A-B__2026-02-08_16-12-39,2026-02-08T16:12:39Z,1.965,TW,2PP,3,78,Dimples,Dimples,adult male,HT118,2026-02-08T16:13:40Z,2026-02-08T16:14:00Z,0.33999999999999997,NA,NA,0.016116666666666665,NA,NA,NA,0.11166666666666648,NA,0.12778333333333314,4,1,0,NA,NA
2026-HC-2PPSTREAM-A-B__2026-02-08_16-12-39,2026-02-08T16:12:39Z,1.965,TW,2PP,3,78,Dimples,Dimples,adult male,HT119,2026-02-08T16:14:03Z,2026-02-08T16:14:07Z,0.061649999999999996,NA,NA,NA,NA,NA,NA,NA,NA,0,0,0,0,etna,flag - etna
2026-HC-2PPSTREAM-A-B__2026-02-08_16-15-04,2026-02-08T16:15:04Z,2.00555,TW,2PP,3,80,Billy,Billy,adult male,HT120,2026-02-08T16:15:48Z,2026-02-08T16:15:50Z,0.035,NA,0.0038833333333333337,NA,NA,NA,NA,NA,NA,0,0,0,0,NA,NA
2026-HC-2PPSTREAM-A-B__2026-02-08_16-15-04,2026-02-08T16:15:04Z,2.00555,TW,2PP,3,80,Billy,Billy,adult male,HT121,2026-02-08T16:15:51Z,2026-02-08T16:15:55Z,0.05555,NA,0.019433333333333334,NA,NA,NA,NA,NA,NA,0,0,0,0,NA,NA
2026-HC-2PPSTREAM-A-B__2026-02-08_16-15-04,2026-02-08T16:15:04Z,2.00555,TW,2PP,3,81,JUV 26,NA,juvenile,HT122,2026-02-08T16:15:57Z,2026-02-08T16:15:58Z,0.024450000000000003,NA,0.013333333333333334,NA,NA,NA,NA,NA,NA,0,0,0,0,NA,NA
2026-HC-2PPSTREAM-A-B__2026-02-08_16-15-04,2026-02-08T16:15:04Z,2.00555,TW,2PP,3,80,Billy,Billy,adult male,HT123,2026-02-08T16:16:02Z,2026-02-08T16:16:03Z,0.012216666666666666,NA,NA,NA,NA,NA,NA,NA,NA,0,0,0,0,NA,NA
2026-HC-2PPSTREAM-A-B__2026-02-08_16-15-04,2026-02-08T16:15:04Z,2.00555,TW,2PP,3,80,Billy,Billy,adult male,HT124,2026-02-08T16:16:07Z,2026-02-08T16:16:11Z,0.06888333333333334,NA,0.0033333333333333335,NA,NA,NA,NA,NA,NA,0,0,0,0,NA,NA
2026-HC-2PPSTREAM-A-B__2026-02-08_16-15-04,2026-02-08T16:15:04Z,2.00555,TW,2PP,3,80,Billy,Billy,adult male,HT125,2026-02-08T16:16:13Z,2026-02-08T16:16:30Z,0.29055,NA,NA,0.10221666666666666,NA,NA,NA,0.03500000000000014,NA,0.1372166666666668,1,1,0,NA,NA
2026-HC-2PPSTREAM-A-B__2026-02-08_16-15-04,2026-02-08T16:15:04Z,2.00555,TW,2PP,3,81,JUV 26,NA,juvenile,HT126,2026-02-08T16:16:30Z,2026-02-08T16:16:41Z,0.16945,NA,NA,NA,NA,NA,NA,NA,NA,0,2,1,0,pp by Billy,flag - previously processed
2026-HC-2PPSTREAM-A-B__2026-02-08_16-50-28,2026-02-08T16:50:28Z,2.03445,TW,2PP,3,83,Dimples,Dimples,adult male,HT127,2026-02-08T16:50:46Z,2026-02-08T16:50:46Z,0.011116666666666667,NA,NA,NA,NA,NA,NA,NA,NA,0,0,0,0,NA,NA
2026-HC-2PPSTREAM-A-B__2026-02-08_16-53-54,2026-02-08T16:53:54Z,2.3322166666666666,TW,2PP,3,85,SAF 28,NA,subadult female,HT128,2026-02-08T16:54:06Z,2026-02-08T16:54:09Z,0.04666666666666666,NA,0.0060999999999999995,0.02723333333333333,NA,NA,NA,NA,NA,0.02723333333333333,0,0,0,NA,NA
2026-HC-2PPSTREAM-A-B__2026-02-08_16-53-54,2026-02-08T16:53:54Z,2.3322166666666666,TW,2PP,3,84,JUV 27,NA,juvenile,HT129,2026-02-08T16:54:10Z,2026-02-08T16:54:17Z,0.11666666666666667,NA,0.013883333333333333,0.03055,NA,NA,NA,NA,NA,0.03055,0,0,0,NA,NA
2026-HC-2PPSTREAM-A-B__2026-02-08_16-53-54,2026-02-08T16:53:54Z,2.3322166666666666,TW,2PP,3,85,SAF 28,NA,subadult female,HT130,2026-02-08T16:54:11Z,2026-02-08T16:54:15Z,0.058333333333333334,NA,0.005,0.028316666666666667,NA,NA,NA,NA,NA,0.028316666666666667,0,0,0,NA,NA
2026-HC-2PPSTREAM-A-B__2026-02-08_16-53-54,2026-02-08T16:53:54Z,2.3322166666666666,TW,2PP,3,85,SAF 28,NA,subadult female,HT131,2026-02-08T16:54:32Z,2026-02-08T16:54:32Z,0.013333333333333334,NA,NA,NA,NA,NA,NA,NA,NA,0,0,0,0,NA,NA
2026-HC-2PPSTREAM-A-B__2026-02-08_16-53-54,2026-02-08T16:53:54Z,2.3322166666666666,TW,2PP,3,84,JUV 27,NA,juvenile,HT132,2026-02-08T16:54:41Z,2026-02-08T16:54:43Z,0.032216666666666664,NA,0.01,NA,NA,NA,NA,NA,NA,0,0,0,0,1,NA
2026-HC-2PPSTREAM-A-B__2026-02-08_16-53-54,2026-02-08T16:53:54Z,2.3322166666666666,TW,2PP,3,85,SAF 28,NA,subadult female,HT133,2026-02-08T16:54:53Z,2026-02-08T16:54:53Z,0.01,NA,NA,NA,NA,NA,NA,NA,NA,0,0,0,0,camB; camB; camB,NA
2026-HC-2PPSTREAM-A-B__2026-02-08_16-53-54,2026-02-08T16:53:54Z,2.3322166666666666,TW,2PP,3,85,SAF 28,NA,subadult female,HT134,2026-02-08T16:55:02Z,2026-02-08T16:55:05Z,0.047233333333333336,NA,NA,NA,NA,NA,NA,NA,NA,0,0,0,0,camB; camB; camB,NA
2026-HC-2PPSTREAM-A-B__2026-02-11_17-30-19,2026-02-11T17:30:19Z,2.2116666666666664,TW,2PP,3,90,SAM 32,NA,subadult male,HT135,2026-02-11T17:30:37Z,2026-02-11T17:30:41Z,0.054433333333333334,NA,NA,NA,NA,NA,NA,NA,NA,0,0,0,0,etna; genitals,flag - etna
2026-HC-2PPSTREAM-A-B__2026-02-11_17-51-15,2026-02-11T17:51:15Z,2.1988833333333333,TW,2PP,3,91,JUV 33,NA,juvenile,HT136,2026-02-11T17:52:56Z,2026-02-11T17:52:58Z,0.020550000000000002,NA,NA,NA,NA,NA,NA,NA,NA,0,0,0,0,NA,NA
2026-HC-2PPSTREAM-A-B__2026-02-13_07-32-26,2026-02-13T07:32:26Z,2.0122166666666668,TW,2PP,4,94,Nami,Nami,adult female,HT137,2026-02-13T07:32:38Z,2026-02-13T07:32:40Z,0.032216666666666664,NA,NA,NA,NA,NA,NA,NA,NA,0,0,0,0,etna; seems nervous,flag - etna
2026-HC-2PPSTREAM-A-B__2026-02-13_07-37-37,2026-02-13T07:37:37Z,2.0472166666666665,TW,2PP,4,96,Nami,Nami,adult female,HT138,2026-02-13T07:37:42Z,2026-02-13T07:37:50Z,0.13611666666666666,NA,NA,0.051666666666666666,NA,NA,NA,NA,NA,0.051666666666666666,1,1,0,NA,NA
2026-HC-2PPSTREAM-A-B__2026-02-13_07-37-37,2026-02-13T07:37:37Z,2.0472166666666665,TW,2PP,4,96,Nami,Nami,adult female,HT139,2026-02-13T07:37:55Z,2026-02-13T07:38:19Z,0.4011166666666667,NA,NA,0.08499999999999999,NA,NA,NA,0.09945000000000004,NA,0.18445000000000003,2,1,0,NA,NA
2026-HC-2PPSTREAM-A-B__2026-02-13_07-37-37,2026-02-13T07:37:37Z,2.0472166666666665,TW,2PP,4,96,Nami,Nami,adult female,HT140,2026-02-13T07:38:22Z,2026-02-13T07:38:24Z,0.02443333333333333,NA,NA,NA,NA,NA,NA,NA,NA,0,0,0,0,NA,NA
2026-HC-2PPSTREAM-A-B__2026-02-13_07-37-37,2026-02-13T07:37:37Z,2.0472166666666665,TW,2PP,4,96,Nami,Nami,adult female,HT141,2026-02-13T07:38:25Z,2026-02-13T07:38:27Z,0.04443333333333333,NA,NA,NA,NA,NA,NA,NA,NA,0,0,0,0,etna,flag - etna
2026-HC-2PPSTREAM-A-B__2026-02-13_07-37-37,2026-02-13T07:37:37Z,2.0472166666666665,TW,2PP,4,95,Leif,Leif,subadult male,HT142,2026-02-13T07:39:00Z,2026-02-13T07:39:16Z,0.2777833333333334,NA,NA,0.024450000000000003,NA,NA,NA,NA,NA,0.024450000000000003,4,1,0,seems nervous; limited visibility,flag - limited visibility
2026-HC-2PPSTREAM-A-B__2026-02-13_07-37-37,2026-02-13T07:37:37Z,2.0472166666666665,TW,2PP,4,97,AM 36,NA,adult male,HT143,2026-02-13T07:39:09Z,2026-02-13T07:39:11Z,0.028883333333333334,NA,NA,NA,NA,NA,NA,NA,NA,0,0,0,0,carried into arena,NA
2026-HC-2PPSTREAM-A-B__2026-02-13_07-37-37,2026-02-13T07:37:37Z,2.0472166666666665,TW,2PP,4,97,AM 36,NA,adult male,HT144,2026-02-13T07:39:18Z,2026-02-13T07:39:39Z,0.35555,NA,NA,NA,NA,NA,NA,NA,NA,0,0,0,0,etna,flag - etna
2026-HC-2PPSTREAM-A-B__2026-02-13_07-45-01,2026-02-13T07:45:01Z,2.0011166666666664,TW,2PP,4,98,Leif,Leif,subadult male,HT145,2026-02-13T07:45:05Z,2026-02-13T07:45:07Z,0.026116666666666667,NA,NA,0.011666666666666665,NA,NA,NA,NA,NA,0.011666666666666665,0,0,0,NA,NA
2026-HC-2PPSTREAM-A-B__2026-02-13_07-45-01,2026-02-13T07:45:01Z,2.0011166666666664,TW,2PP,4,98,Leif,Leif,subadult male,HT146,2026-02-13T07:45:08Z,2026-02-13T07:45:49Z,0.6877833333333334,NA,NA,0.12055,NA,NA,NA,0.10422559115179249,NA,0.22477559115179252,4,1,0,limited visibility; limited visibility; limited visibility,flag - limited visibility; flag - limited visibility; flag - limited visibility
2026-HC-2PPSTREAM-A-B__2026-02-13_07-45-01,2026-02-13T07:45:01Z,2.0011166666666664,TW,2PP,4,100,NA 37,NA,non-adult,HT147,2026-02-13T07:45:32Z,2026-02-13T07:45:34Z,0.02555,NA,0.007233333333333333,NA,NA,NA,NA,NA,NA,0,0,0,0,NA,NA
2026-HC-2PPSTREAM-A-B__2026-02-13_07-45-01,2026-02-13T07:45:01Z,2.0011166666666664,TW,2PP,4,98,Leif,Leif,subadult male,HT148,2026-02-13T07:45:50Z,2026-02-13T07:46:15Z,0.40721666666666667,NA,NA,0.03555,NA,NA,NA,0.025549999999999903,NA,0.061099999999999904,2,1,0,limited visibility,flag - limited visibility
2026-HC-2PPSTREAM-A-B__2026-02-13_07-45-01,2026-02-13T07:45:01Z,2.0011166666666664,TW,2PP,4,99,Robin,Robin,juvenile male,HT149,2026-02-13T07:46:11Z,2026-02-13T07:46:13Z,0.03165,NA,NA,NA,NA,NA,NA,NA,NA,0,0,0,0,etna,flag - etna
2026-HC-2PPSTREAM-A-B__2026-02-13_07-45-01,2026-02-13T07:45:01Z,2.0011166666666664,TW,2PP,4,98,Leif,Leif,subadult male,HT150,2026-02-13T07:46:19Z,2026-02-13T07:46:31Z,0.20388333333333333,NA,NA,0.03721666666666667,NA,NA,NA,0.03333333333333333,NA,0.07055000000000002,1,1,0,limited visibility,flag - limited visibility
2026-HC-2PPSTREAM-A-B__2026-02-13_07-45-01,2026-02-13T07:45:01Z,2.0011166666666664,TW,2PP,4,98,Leif,Leif,subadult male,HT151,2026-02-13T07:46:40Z,2026-02-13T07:46:44Z,0.065,NA,NA,0.041666666666666664,NA,NA,NA,NA,NA,0.041666666666666664,0,0,0,NA,NA
2026-HC-2PPSTREAM-A-B__2026-02-13_07-45-01,2026-02-13T07:45:01Z,2.0011166666666664,TW,2PP,4,98,Leif,Leif,subadult male,HT152,2026-02-13T07:46:45Z,2026-02-13T07:46:47Z,0.02555,NA,NA,0.012233333333333334,NA,NA,NA,NA,NA,0.012233333333333334,0,0,0,NA,NA
2026-HC-2PPSTREAM-A-B__2026-02-13_07-45-01,2026-02-13T07:45:01Z,2.0011166666666664,TW,2PP,4,98,Leif,Leif,subadult male,HT153,2026-02-13T07:46:47Z,2026-02-13T07:47:00Z,0.21611666666666668,NA,NA,0.01778333333333333,NA,NA,NA,NA,NA,0.01778333333333333,4,1,0,NA,NA
2026-HC-2PPSTREAM-A-B__2026-02-13_07-47-04,2026-02-13T07:47:04Z,2.0016666666666665,TW,2PP,4,101,Leif,Leif,subadult male,HT154,2026-02-13T07:47:04Z,2026-02-13T07:47:45Z,0.68945,NA,NA,0.13166666666666668,NA,NA,NA,0.07032559115179253,NA,0.2019922578184592,3,1,0,stna; limited visibility; limited visibility,flag - stna; flag - limited visibility; flag - limited visibility
2026-HC-2PPSTREAM-A-B__2026-02-13_07-47-04,2026-02-13T07:47:04Z,2.0016666666666665,TW,2PP,4,101,Leif,Leif,subadult male,HT155,2026-02-13T07:47:53Z,2026-02-13T07:47:54Z,0.021116666666666666,NA,NA,NA,NA,NA,NA,NA,NA,0,0,0,0,NA,NA
2026-HC-2PPSTREAM-A-B__2026-02-13_07-47-04,2026-02-13T07:47:04Z,2.0016666666666665,TW,2PP,4,101,Leif,Leif,subadult male,HT156,2026-02-13T07:47:59Z,2026-02-13T07:48:01Z,0.02,NA,NA,NA,NA,NA,NA,NA,NA,0,0,0,0,NA,NA
2026-HC-2PPSTREAM-A-B__2026-02-13_07-47-04,2026-02-13T07:47:04Z,2.0016666666666665,TW,2PP,4,101,Leif,Leif,subadult male,HT157,2026-02-13T07:48:05Z,2026-02-13T07:48:17Z,0.19721666666666668,NA,NA,0.14888333333333334,NA,0.01,NA,NA,NA,0.15888333333333332,1,1,0,bite and pull with teeth,NA
2026-HC-2PPSTREAM-A-B__2026-02-13_07-47-04,2026-02-13T07:47:04Z,2.0016666666666665,TW,2PP,4,101,Leif,Leif,subadult male,HT158,2026-02-13T07:48:22Z,2026-02-13T07:48:24Z,0.04056666666666667,NA,NA,NA,NA,NA,NA,NA,NA,0,0,0,0,NA,NA
2026-HC-2PPSTREAM-A-B__2026-02-13_07-47-04,2026-02-13T07:47:04Z,2.0016666666666665,TW,2PP,4,101,Leif,Leif,subadult male,HT159,2026-02-13T07:48:25Z,2026-02-13T07:49:04Z,0.6366666666666667,NA,NA,0.4178,NA,0.008883333333333333,NA,0.05755892448512581,NA,0.48424225781845914,2,1,0,etna; close-up,flag - etna
2026-HC-2PPSTREAM-A-B__2026-02-13_07-49-28,2026-02-13T07:49:28Z,2.3516666666666666,TW,2PP,4,102,Leif,Leif,subadult male,HT160,2026-02-13T07:49:51Z,2026-02-13T07:49:55Z,0.07221666666666667,NA,NA,0.05611666666666667,NA,NA,NA,NA,NA,0.05611666666666667,0,0,0,NA,NA
2026-HC-2PPSTREAM-A-B__2026-02-13_07-49-28,2026-02-13T07:49:28Z,2.3516666666666666,TW,2PP,4,102,Leif,Leif,subadult male,HT161,2026-02-13T07:49:56Z,2026-02-13T07:50:01Z,0.08943333333333332,NA,NA,0.03445,NA,NA,NA,NA,NA,0.03445,2,1,0,NA,NA
2026-HC-2PPSTREAM-A-B__2026-02-13_07-49-28,2026-02-13T07:49:28Z,2.3516666666666666,TW,2PP,4,102,Leif,Leif,subadult male,HT162,2026-02-13T07:50:02Z,2026-02-13T07:50:03Z,0.024450000000000003,NA,NA,NA,NA,NA,NA,NA,NA,0,0,0,0,NA,NA
2026-HC-2PPSTREAM-A-B__2026-02-13_07-49-28,2026-02-13T07:49:28Z,2.3516666666666666,TW,2PP,4,102,Leif,Leif,subadult male,HT163,2026-02-13T07:50:04Z,2026-02-13T07:50:12Z,0.13055,NA,NA,0.07945,NA,NA,NA,NA,NA,0.07945,1,1,0,NA,NA
2026-HC-2PPSTREAM-A-B__2026-02-13_07-49-28,2026-02-13T07:49:28Z,2.3516666666666666,TW,2PP,4,102,Leif,Leif,subadult male,HT164,2026-02-13T07:50:13Z,2026-02-13T07:50:40Z,0.45444999999999997,NA,NA,0.17446666666666666,NA,NA,NA,0.10331666666666675,NA,0.27778333333333344,2,1,0,NA,NA
2026-HC-2PPSTREAM-A-B__2026-02-13_07-49-28,2026-02-13T07:49:28Z,2.3516666666666666,TW,2PP,4,102,Leif,Leif,subadult male,HT165,2026-02-13T07:50:43Z,2026-02-13T07:50:51Z,0.13055,NA,NA,0.023899999999999998,NA,NA,NA,NA,NA,0.023899999999999998,3,1,0,NA,NA
2026-HC-2PPSTREAM-A-B__2026-02-13_07-49-28,2026-02-13T07:49:28Z,2.3516666666666666,TW,2PP,4,102,Leif,Leif,subadult male,HT166,2026-02-13T07:50:51Z,2026-02-13T07:50:54Z,0.037766666666666664,NA,NA,NA,NA,NA,NA,NA,NA,0,0,0,0,NA,NA
2026-HC-2PPSTREAM-A-B__2026-02-14_08-11-30,2026-02-14T08:11:30Z,2.005,TW,2PP,4,104,Leif,Leif,subadult male,HT167,2026-02-14T08:11:34Z,2026-02-14T08:11:35Z,0.013883333333333333,NA,NA,NA,NA,NA,NA,NA,NA,0,0,0,0,NA,NA
2026-HC-2PPSTREAM-A-B__2026-02-14_08-13-33,2026-02-14T08:13:33Z,2.005,TW,2PP,4,105,Bullseye,Bullseye,subadult male,HT168,2026-02-14T08:14:05Z,2026-02-14T08:14:07Z,0.03055,NA,NA,NA,NA,NA,NA,NA,NA,0,0,0,0,NA,NA
2026-HC-2PPSTREAM-A-B__2026-02-14_08-13-33,2026-02-14T08:13:33Z,2.005,TW,2PP,4,107,JUV 38,NA,juvenile,HT169,2026-02-14T08:14:06Z,2026-02-14T08:14:09Z,0.043333333333333335,NA,0.011666666666666665,NA,NA,NA,NA,NA,NA,0,0,0,0,NA,NA
2026-HC-2PPSTREAM-A-B__2026-02-14_08-13-33,2026-02-14T08:13:33Z,2.005,TW,2PP,4,107,JUV 38,NA,juvenile,HT170,2026-02-14T08:14:14Z,2026-02-14T08:14:15Z,0.02,NA,NA,NA,NA,NA,NA,NA,NA,0,0,0,0,NA,NA
2026-HC-2PPSTREAM-A-B__2026-02-14_08-13-33,2026-02-14T08:13:33Z,2.005,TW,2PP,4,107,JUV 38,NA,juvenile,HT171,2026-02-14T08:14:19Z,2026-02-14T08:14:23Z,0.0672,NA,NA,0.03445,NA,NA,NA,NA,NA,0.03445,0,0,0,etna,flag - etna
2026-HC-2PPSTREAM-A-B__2026-02-18_12-54-48,2026-02-18T12:54:48Z,2.117783333333333,TW,2PP,4,115,Bullseye,Bullseye,subadult male,HT172,2026-02-18T12:54:50Z,2026-02-18T12:54:51Z,0.023899999999999998,NA,0.006666666666666667,NA,NA,NA,NA,NA,NA,0,0,0,0,NA,NA
2026-HC-COCO-A-B__2026-02-09_15-50-29,2026-02-09T15:50:29Z,3.9327833333333335,TW,COCO,5,117,JUV 44,NA,juvenile,HC1,2026-02-09T15:52:49Z,2026-02-09T15:53:00Z,0.17275000000000001,NA,0.04888333333333333,NA,NA,NA,NA,NA,NA,0,0,0,0,etna,flag - etna
2026-HC-COCO-A-B__2026-02-09_15-50-29,2026-02-09T15:50:29Z,3.9327833333333335,TW,COCO,5,118,JUV 45,NA,juvenile,HC2,2026-02-09T15:53:07Z,2026-02-09T15:53:10Z,0.0461,NA,0.006666666666666667,NA,NA,NA,NA,NA,NA,0,0,0,0,etna,flag - etna
2026-HC-COCO-A-B__2026-02-09_16-12-04,2026-02-09T16:12:04Z,2.2322166666666665,TW,COCO,5,119,JUV 46,NA,juvenile,HC3,2026-02-09T16:13:48Z,2026-02-09T16:13:55Z,0.1211,NA,NA,NA,NA,NA,NA,0.010892257818459193,NA,0.010892257818459193,0,0,0,etna,flag - etna
2026-HC-COCO-A-B__2026-02-09_16-32-17,2026-02-09T16:32:17Z,2.1477833333333334,TW,COCO,5,120,JUV 47,NA,juvenile,HC4,2026-02-09T16:32:36Z,2026-02-09T16:32:45Z,0.15,NA,0.08499999999999999,NA,NA,NA,NA,0.010892257818459193,NA,0.010892257818459193,0,0,0,licks; bucket,NA
2026-HC-COCO-A-B__2026-02-09_16-32-17,2026-02-09T16:32:17Z,2.1477833333333334,TW,COCO,5,120,JUV 47,NA,juvenile,HC5,2026-02-09T16:32:47Z,2026-02-09T16:33:08Z,0.35556666666666664,NA,NA,0.05055,0.03333333333333333,0.02,NA,0.043333333333333356,NA,0.1472166666666667,0,0,0,limited visibility; limited visibility,flag - limited visibility
2026-HC-COCO-A-B__2026-02-09_16-32-17,2026-02-09T16:32:17Z,2.1477833333333334,TW,COCO,5,121,JUV 48,NA,juvenile,HC6,2026-02-09T16:33:03Z,2026-02-09T16:33:07Z,0.07390000000000001,NA,0.009449999999999998,NA,NA,NA,NA,NA,NA,0,0,0,0,NA,NA
2026-HC-COCO-A-B__2026-02-09_16-32-17,2026-02-09T16:32:17Z,2.1477833333333334,TW,COCO,5,121,JUV 48,NA,juvenile,HC7,2026-02-09T16:33:24Z,2026-02-09T16:33:45Z,0.3522166666666667,NA,NA,0.225,NA,NA,NA,NA,NA,0.225,0,0,0,NA,NA
2026-HC-COCO-A-B__2026-02-09_17-03-55,2026-02-09T17:03:55Z,2.01055,TW,COCO,5,123,Jack,Jack,adult male,HC8,2026-02-09T17:03:56Z,2026-02-09T17:04:18Z,0.3655666666666667,NA,NA,0.3411166666666666,NA,NA,NA,NA,NA,0.3411166666666666,1,1,0,NA,NA
2026-HC-COCO-A-B__2026-02-09_17-03-55,2026-02-09T17:03:55Z,2.01055,TW,COCO,5,123,Jack,Jack,adult male,HC9,2026-02-09T17:04:24Z,2026-02-09T17:04:26Z,0.032216666666666664,NA,NA,NA,NA,NA,NA,NA,NA,0,0,0,0,NA,NA
2026-HC-COCO-A-B__2026-02-09_17-03-55,2026-02-09T17:03:55Z,2.01055,TW,COCO,5,123,Jack,Jack,adult male,HC10,2026-02-09T17:04:29Z,2026-02-09T17:04:35Z,0.1089,NA,NA,0.06556666666666668,NA,NA,NA,NA,NA,0.06556666666666668,1,1,0,NA,NA
2026-HC-COCO-A-B__2026-02-09_17-03-55,2026-02-09T17:03:55Z,2.01055,TW,COCO,5,123,Jack,Jack,adult male,HC11,2026-02-09T17:04:37Z,2026-02-09T17:04:38Z,0.013333333333333334,NA,NA,NA,NA,NA,NA,NA,NA,0,0,0,0,NA,NA
2026-HC-COCO-A-B__2026-02-09_17-03-55,2026-02-09T17:03:55Z,2.01055,TW,COCO,5,123,Jack,Jack,adult male,HC12,2026-02-09T17:04:49Z,2026-02-09T17:04:51Z,0.043333333333333335,NA,0.02666666666666667,NA,NA,NA,NA,NA,NA,0,0,0,0,NA,NA
2026-HC-COCO-A-B__2026-02-09_17-03-55,2026-02-09T17:03:55Z,2.01055,TW,COCO,5,125,Tony,Tony,juvenile male,HC13,2026-02-09T17:04:56Z,2026-02-09T17:04:59Z,0.04998333333333334,NA,NA,NA,NA,NA,NA,NA,NA,0,0,0,0,etna,flag - etna
2026-HC-COCO-A-B__2026-02-09_17-03-55,2026-02-09T17:03:55Z,2.01055,TW,COCO,5,124,Louie,Louie,subadult male,HC14,2026-02-09T17:04:57Z,2026-02-09T17:05:26Z,0.48055,NA,NA,0.06333333333333332,NA,0.03333333333333333,NA,0.010892257818459193,0.035000000000000024,0.1425589244851259,1,1,1,etna; alc,flag - etna
2026-HC-COCO-A-B__2026-02-09_17-03-55,2026-02-09T17:03:55Z,2.01055,TW,COCO,5,122,Harry,Harry,juvenile male,HC15,2026-02-09T17:05:03Z,2026-02-09T17:05:05Z,0.02555,NA,NA,NA,NA,NA,NA,NA,NA,0,0,0,0,OK,NA
2026-HC-COCO-A-B__2026-02-09_17-03-55,2026-02-09T17:03:55Z,2.01055,TW,COCO,5,122,Harry,Harry,juvenile male,HC16,2026-02-09T17:05:10Z,2026-02-09T17:05:11Z,0.027766666666666665,NA,NA,NA,NA,NA,NA,NA,NA,0,0,0,0,OK,NA
2026-HC-COCO-A-B__2026-02-09_17-03-55,2026-02-09T17:03:55Z,2.01055,TW,COCO,5,122,Harry,Harry,juvenile male,HC17,2026-02-09T17:05:33Z,2026-02-09T17:05:34Z,0.0111,NA,NA,NA,NA,NA,NA,NA,NA,0,0,0,0,OK,NA
2026-HC-COCO-A-B__2026-02-09_17-03-55,2026-02-09T17:03:55Z,2.01055,TW,COCO,5,122,Harry,Harry,juvenile male,HC18,2026-02-09T17:05:36Z,2026-02-09T17:05:38Z,0.03833333333333333,NA,NA,NA,NA,NA,NA,NA,NA,0,0,0,0,OK,NA
2026-HC-COCO-A-B__2026-02-09_17-03-55,2026-02-09T17:03:55Z,2.01055,TW,COCO,5,122,Harry,Harry,juvenile male,HC19,2026-02-09T17:05:40Z,2026-02-09T17:05:41Z,0.016116666666666665,NA,NA,NA,NA,NA,NA,NA,NA,0,0,0,0,OK,NA
2026-HC-COCO-A-B__2026-02-09_17-03-55,2026-02-09T17:03:55Z,2.01055,TW,COCO,5,122,Harry,Harry,juvenile male,HC20,2026-02-09T17:05:43Z,2026-02-09T17:05:48Z,0.07388333333333333,NA,NA,0.05888333333333333,NA,NA,NA,NA,NA,0.05888333333333333,0,0,0,NA,NA
2026-HC-COCO-A-B__2026-02-09_17-06-02,2026-02-09T17:06:02Z,2.1083333333333334,TW,COCO,5,126,Harry,Harry,juvenile male,HC21,2026-02-09T17:06:02Z,2026-02-09T17:06:21Z,0.32221666666666665,NA,NA,0.32108333333333333,NA,NA,NA,NA,NA,0.32108333333333333,0,0,0,stna,flag - stna
2026-HC-COCO-A-B__2026-02-09_17-06-02,2026-02-09T17:06:02Z,2.1083333333333334,TW,COCO,5,126,Harry,Harry,juvenile male,HC22,2026-02-09T17:06:23Z,2026-02-09T17:06:32Z,0.15278333333333333,NA,NA,NA,NA,0.07388333333333333,NA,NA,NA,0.07388333333333333,0,0,0,NA,NA
2026-HC-COCO-A-B__2026-02-09_17-06-02,2026-02-09T17:06:02Z,2.1083333333333334,TW,COCO,5,126,Harry,Harry,juvenile male,HC23,2026-02-09T17:06:36Z,2026-02-09T17:06:37Z,0.027783333333333333,NA,NA,NA,NA,NA,NA,NA,NA,0,0,0,0,NA,NA
2026-HC-COCO-A-B__2026-02-09_17-06-02,2026-02-09T17:06:02Z,2.1083333333333334,TW,COCO,5,126,Harry,Harry,juvenile male,HC24,2026-02-09T17:06:42Z,2026-02-09T17:06:43Z,0.02555,NA,NA,NA,NA,NA,NA,NA,NA,0,0,0,0,NA,NA
2026-HC-COCO-A-B__2026-02-09_17-06-02,2026-02-09T17:06:02Z,2.1083333333333334,TW,COCO,5,126,Harry,Harry,juvenile male,HC25,2026-02-09T17:06:51Z,2026-02-09T17:06:52Z,0.01,NA,NA,NA,NA,NA,NA,NA,NA,0,0,0,0,NA,NA
2026-HC-COCO-A-B__2026-02-10_14-34-41,2026-02-10T14:34:41Z,2.0038833333333335,TW,COCO,5,128,Pippi,Pippi,adult female,HC26,2026-02-10T14:34:52Z,2026-02-10T14:35:28Z,0.6138833333333333,NA,NA,0.45,NA,NA,NA,0.035667848970251693,NA,0.4856678489702517,0,0,0,NA,NA
2026-HC-COCO-A-B__2026-02-12_14-02-27,2026-02-12T14:02:27Z,2.12945,TW,COCO,6,129,Pippi,Pippi,adult female,HC27,2026-02-12T14:02:41Z,2026-02-12T14:02:44Z,0.048900000000000006,NA,NA,NA,NA,NA,NA,NA,NA,0,0,0,0,NA,NA
2026-HC-COCO-A-B__2026-02-12_14-02-27,2026-02-12T14:02:27Z,2.12945,TW,COCO,6,129,Pippi,Pippi,adult female,HC28,2026-02-12T14:02:52Z,2026-02-12T14:02:53Z,0.022216666666666666,NA,NA,NA,NA,NA,NA,NA,NA,0,0,0,0,NA,NA
2026-HC-COCO-A-B__2026-02-12_14-02-27,2026-02-12T14:02:27Z,2.12945,TW,COCO,6,129,Pippi,Pippi,adult female,HC29,2026-02-12T14:02:57Z,2026-02-12T14:03:03Z,0.10388333333333333,NA,NA,0.05333333333333334,NA,NA,NA,NA,NA,0.05333333333333334,0,0,0,NA,NA
2026-HC-COCO-A-B__2026-02-12_14-07-00,2026-02-12T14:07:00Z,2.0472166666666665,TW,COCO,6,131,JUV 50,NA,juvenile,HC30,2026-02-12T14:08:53Z,2026-02-12T14:09:00Z,0.13278333333333334,NA,NA,NA,NA,NA,NA,NA,NA,0,0,0,0,NA,NA
2026-HC-COCO-A-B__2026-02-12_14-09-07,2026-02-12T14:09:07Z,2.10445,TW,COCO,6,135,JUV 51,NA,juvenile,HC31,2026-02-12T14:09:46Z,2026-02-12T14:10:20Z,0.5588833333333334,0.0611,NA,0.09443333333333334,NA,NA,NA,0.07032559115179257,NA,0.1647589244851259,0,0,0,HC flies,NA
2026-HC-COCO-A-B__2026-02-12_14-09-07,2026-02-12T14:09:07Z,2.10445,TW,COCO,6,134,Louie,Louie,subadult male,HC32,2026-02-12T14:10:08Z,2026-02-12T14:10:10Z,0.04555,NA,NA,NA,NA,NA,NA,NA,NA,0,0,0,0,NA,NA
2026-HC-COCO-A-B__2026-02-12_14-09-07,2026-02-12T14:09:07Z,2.10445,TW,COCO,6,134,Louie,Louie,subadult male,HC33,2026-02-12T14:10:16Z,2026-02-12T14:10:22Z,0.10498333333333335,0.02443333333333333,NA,0.02723333333333333,NA,NA,NA,NA,NA,0.02723333333333333,0,0,0,etna; limited visibility,flag - etna; flag - limited visibility
2026-HC-COCO-A-B__2026-02-12_14-09-07,2026-02-12T14:09:07Z,2.10445,TW,COCO,6,137,SAM 53,NA,subadult male,HC34,2026-02-12T14:10:19Z,2026-02-12T14:10:44Z,0.4044333333333333,NA,0.0033333333333333335,0.03278333333333334,NA,NA,NA,NA,NA,0.03278333333333334,0,0,0,etna,flag - etna
2026-HC-COCO-A-B__2026-02-12_14-09-07,2026-02-12T14:09:07Z,2.10445,TW,COCO,6,132,Bond,Bond,subadult male,HC35,2026-02-12T14:10:24Z,2026-02-12T14:10:36Z,0.20276666666666668,NA,NA,0.18610000000000002,NA,NA,NA,NA,NA,0.18610000000000002,0,0,0,NA,NA
2026-HC-COCO-A-B__2026-02-12_14-09-07,2026-02-12T14:09:07Z,2.10445,TW,COCO,6,135,JUV 51,NA,juvenile,HC36,2026-02-12T14:10:32Z,2026-02-12T14:10:37Z,0.08608333333333333,NA,NA,NA,NA,NA,NA,NA,NA,0,0,0,0,etna,flag - etna
2026-HC-COCO-A-B__2026-02-12_14-09-07,2026-02-12T14:09:07Z,2.10445,TW,COCO,6,136,JUV 52,NA,juvenile,HC37,2026-02-12T14:10:39Z,2026-02-12T14:10:54Z,0.24723333333333333,NA,NA,0.14276666666666665,NA,NA,NA,NA,NA,0.14276666666666665,0,0,0,NA,NA
2026-HC-COCO-A-B__2026-02-12_14-09-07,2026-02-12T14:09:07Z,2.10445,TW,COCO,6,136,JUV 52,NA,juvenile,HC38,2026-02-12T14:11:00Z,2026-02-12T14:11:04Z,0.07831666666666666,NA,NA,NA,NA,NA,NA,NA,NA,0,0,0,0,etna,flag - etna
2026-HC-COCO-A-B__2026-02-12_14-09-07,2026-02-12T14:09:07Z,2.10445,TW,COCO,6,133,Guy,Guy,adult male,HC39,2026-02-12T14:11:07Z,2026-02-12T14:11:13Z,0.09555,NA,NA,0.04555,NA,NA,NA,NA,NA,0.04555,0,0,0,etna,flag - etna
2026-HC-COCO-A-B__2026-02-16_06-56-07,2026-02-16T06:56:07Z,2.0033333333333334,TW,COCO,7,138,Alfred,Alfred,subadult male,HC40,2026-02-16T06:57:07Z,2026-02-16T06:57:53Z,0.77055,NA,0.006116666666666667,0.19720000000000001,NA,NA,NA,NA,0.032216666666666664,0.22941666666666669,1,1,1,NA,NA
2026-HC-COCO-A-B__2026-02-16_07-01-25,2026-02-16T07:01:25Z,2.16445,TW,COCO,7,139,JUV 54,NA,juvenile,HC41,2026-02-16T07:02:02Z,2026-02-16T07:03:01Z,0.9805499999999999,NA,NA,0.33115,NA,NA,NA,0.27723333333333344,NA,0.6083833333333335,2,1,0,NA,NA
2026-HC-COCO-A-B__2026-02-16_07-01-25,2026-02-16T07:01:25Z,2.16445,TW,COCO,7,139,JUV 54,NA,juvenile,HC42,2026-02-16T07:03:08Z,2026-02-16T07:03:19Z,0.17998333333333333,NA,NA,0.056100000000000004,NA,NA,NA,NA,NA,0.056100000000000004,0,0,0,etna,flag - etna
2026-HC-COCO-A-B__2026-02-16_07-07-07,2026-02-16T07:07:07Z,2.2355500000000004,TW,COCO,7,142,Melvin,Melvin,adut male,HC43,2026-02-16T07:07:39Z,2026-02-16T07:09:04Z,1.4188833333333333,NA,0.006666666666666667,0.5322333333333333,NA,NA,NA,0.2458922578184592,NA,0.7781255911517925,1,1,0,HC flies; HC flies; HC flies,NA
2026-HC-COCO-A-B__2026-02-16_07-07-07,2026-02-16T07:07:07Z,2.2355500000000004,TW,COCO,7,142,Melvin,Melvin,adut male,HC44,2026-02-16T07:09:08Z,2026-02-16T07:09:14Z,0.10998333333333334,NA,NA,0.04888333333333333,NA,NA,NA,NA,NA,0.04888333333333333,0,0,0,etna,flag - etna
2026-HC-COCO-A-B__2026-02-18_16-27-40,2026-02-18T16:27:40Z,2.24055,TW,COCO,7,143,JUV 56,NA,juvenile,HC45,2026-02-18T16:28:34Z,2026-02-18T16:28:40Z,0.09278333333333334,NA,NA,NA,NA,NA,NA,NA,NA,0,1,1,0,NA,NA
2026-HC-COCO-A-B__2026-02-18_16-27-40,2026-02-18T16:27:40Z,2.24055,TW,COCO,7,143,JUV 56,NA,juvenile,HC46,2026-02-18T16:28:48Z,2026-02-18T16:29:54Z,1.1011,NA,0.023899999999999998,0.1639,0.016666666666666666,NA,NA,0.2423511823035852,NA,0.4229178489702518,0,0,0,etna; limited visibility; HC flies; HC flies; limited visibility,flag - etna; flag - limited visibility; flag - limited visibility
2026-HC-COCO-A-B__2026-02-18_16-52-12,2026-02-18T16:52:12Z,2.14,TW,COCO,7,145,Pippi,Pippi,adult female,HC47,2026-02-18T16:52:30Z,2026-02-18T16:52:36Z,0.10276666666666667,NA,0.01055,NA,NA,NA,NA,NA,NA,0,0,0,0,limited visibility,flag - limited visibility
2026-HC-COCO-A-B__2026-02-18_16-52-12,2026-02-18T16:52:12Z,2.14,TW,COCO,7,144,John,John,juvenile male,HC48,2026-02-18T16:52:46Z,2026-02-18T16:52:48Z,0.03778333333333333,NA,NA,NA,NA,NA,NA,NA,NA,0,0,0,0,NA,NA
2026-HC-COCO-A-B__2026-02-18_16-52-12,2026-02-18T16:52:12Z,2.14,TW,COCO,7,144,John,John,juvenile male,HC49,2026-02-18T16:52:56Z,2026-02-18T16:52:58Z,0.031100000000000003,NA,0.008883333333333333,NA,NA,NA,NA,NA,NA,0,0,0,0,NA,NA
2026-HC-COCO-A-B__2026-02-18_16-52-12,2026-02-18T16:52:12Z,2.14,TW,COCO,7,144,John,John,juvenile male,HC50,2026-02-18T16:53:03Z,2026-02-18T16:53:08Z,0.07054999999999999,NA,NA,NA,NA,NA,NA,0.010892257818459193,NA,0.010892257818459193,0,0,0,bucket,NA
2026-HC-COCO-A-B__2026-02-18_16-52-12,2026-02-18T16:52:12Z,2.14,TW,COCO,7,144,John,John,juvenile male,HC51,2026-02-18T16:53:12Z,2026-02-18T16:53:13Z,0.018333333333333333,NA,NA,NA,NA,NA,NA,NA,NA,0,0,0,0,NA,NA
2026-HC-COCO-A-B__2026-02-18_16-52-12,2026-02-18T16:52:12Z,2.14,TW,COCO,7,144,John,John,juvenile male,HC52,2026-02-18T16:53:14Z,2026-02-18T16:53:29Z,0.24166666666666667,NA,0.011666666666666665,0.14113333333333333,NA,NA,NA,NA,NA,0.14113333333333333,0,0,0,NA,NA
2026-HC-COCO-A-B__2026-02-18_16-52-12,2026-02-18T16:52:12Z,2.14,TW,COCO,7,147,JUV 58,NA,juvenile,HC53,2026-02-18T16:53:23Z,2026-02-18T16:53:26Z,0.03721666666666667,NA,0.0139,NA,NA,NA,NA,NA,NA,0,0,0,0,NA,NA
2026-HC-COCO-A-B__2026-02-18_16-52-12,2026-02-18T16:52:12Z,2.14,TW,COCO,7,147,JUV 58,NA,juvenile,HC54,2026-02-18T16:53:26Z,2026-02-18T16:53:27Z,0.019450000000000002,NA,NA,NA,NA,NA,NA,NA,NA,0,0,0,0,NA,NA
2026-HC-COCO-A-B__2026-02-18_16-52-12,2026-02-18T16:52:12Z,2.14,TW,COCO,7,144,John,John,juvenile male,HC55,2026-02-18T16:53:38Z,2026-02-18T16:53:39Z,0.028333333333333332,NA,NA,NA,NA,NA,NA,NA,NA,0,0,0,0,etna,flag - etna
2026-HC-COCO-A-B__2026-02-18_16-55-19,2026-02-18T16:55:19Z,2.1672166666666666,TW,COCO,7,149,JUV 60,NA,juvenile,HC56,2026-02-18T16:55:29Z,2026-02-18T16:55:29Z,0.008883333333333333,NA,NA,NA,NA,NA,NA,NA,NA,0,0,0,0,NA,NA
2026-HC-COCO-A-B__2026-02-18_16-55-19,2026-02-18T16:55:19Z,2.1672166666666666,TW,COCO,7,149,JUV 60,NA,juvenile,HC57,2026-02-18T16:55:35Z,2026-02-18T16:55:43Z,0.12275,NA,NA,NA,NA,NA,NA,0.06333333333333328,NA,0.06333333333333328,0,0,0,etna,flag - etna
2026-HC-COCO-A-B__2026-02-18_16-55-19,2026-02-18T16:55:19Z,2.1672166666666666,TW,COCO,7,150,JUV 61,NA,juvenile,HC58,2026-02-18T16:55:50Z,2026-02-18T16:55:56Z,0.10888333333333335,NA,0.011666666666666665,NA,NA,NA,NA,0.010892257818459193,NA,0.010892257818459193,0,0,0,etna; bucket,flag - etna
2026-HC-COCO-A-B__2026-02-18_16-55-19,2026-02-18T16:55:19Z,2.1672166666666666,TW,COCO,7,151,JUV 62,NA,juvenile,HC59,2026-02-18T16:56:13Z,2026-02-18T16:56:57Z,0.7344166666666666,NA,0.00555,NA,NA,NA,NA,0.24754225781845937,NA,0.24754225781845937,0,0,0,etna,flag - etna
2026-HC-COCO-A-B__2026-02-18_16-55-19,2026-02-18T16:55:19Z,2.1672166666666666,TW,COCO,7,153,NA 64,NA,non-adult,HC60,2026-02-18T16:56:38Z,2026-02-18T16:57:29Z,0.8488833333333333,NA,NA,0.061116666666666666,NA,NA,NA,0.17255892448512614,NA,0.2336755911517928,0,0,0,etna,flag - etna
2026-HC-COCO-A-B__2026-02-18_16-57-22,2026-02-18T16:57:22Z,2.18555,TW,COCO,7,157,NA 68,NA,non-adult,HC61,2026-02-18T16:57:22Z,2026-02-18T16:59:33Z,2.18555,NA,NA,0.9289166666666666,NA,NA,NA,0.46343451563691823,NA,1.3923511823035848,0,0,0,etna; HC flies; HC flies; HC flies; HC flies; HC flies; HC flies; HC flies; HC flies; HC flies,flag - previously processed
2026-HC-COCO-A-B__2026-02-18_16-57-22,2026-02-18T16:57:22Z,2.18555,TW,COCO,7,155,JUV 66,NA,juvenile,HC62,2026-02-18T16:58:58Z,2026-02-18T16:58:59Z,0.026116666666666667,NA,NA,NA,NA,NA,NA,NA,NA,0,0,0,0,NA,NA
2026-HC-COCO-A-B__2026-02-18_16-57-22,2026-02-18T16:57:22Z,2.18555,TW,COCO,7,155,JUV 66,NA,juvenile,HC63,2026-02-18T16:59:02Z,2026-02-18T16:59:14Z,0.20388333333333333,NA,0.008883333333333333,0.02,NA,0.0289,NA,NA,NA,0.048900000000000006,0,0,0,NA,NA
2026-HC-COCO-A-B__2026-02-18_16-57-22,2026-02-18T16:57:22Z,2.18555,TW,COCO,7,155,JUV 66,NA,juvenile,HC64,2026-02-18T16:59:15Z,2026-02-18T16:59:33Z,0.2916666666666667,NA,NA,NA,NA,NA,NA,NA,NA,0,0,0,0,etna,flag - etna
2026-HC-COCO-A-B__2026-02-18_16-57-22,2026-02-18T16:57:22Z,2.18555,TW,COCO,7,156,JUV 67,NA,juvenile,HC65,2026-02-18T16:59:19Z,2026-02-18T16:59:22Z,0.047766666666666666,NA,NA,NA,NA,NA,NA,NA,NA,0,0,0,0,NA,NA
2026-HC-COCO-A-B__2026-02-18_16-57-22,2026-02-18T16:57:22Z,2.18555,TW,COCO,7,156,JUV 67,NA,juvenile,HC66,2026-02-18T16:59:30Z,2026-02-18T16:59:33Z,0.04388333333333334,NA,NA,NA,NA,NA,NA,NA,NA,0,0,0,0,etna,flag - etna
2026-HC-COCO-A-B__2026-02-18_17-08-38,2026-02-18T17:08:38Z,2.0694500000000002,TW,COCO,7,158,JUV 69,NA,juvenile,HC67,2026-02-18T17:08:55Z,2026-02-18T17:08:58Z,0.04611666666666667,NA,NA,NA,NA,NA,NA,NA,NA,0,0,0,0,NA,NA
2026-HC-COCO-A-B__2026-02-18_17-29-07,2026-02-18T17:29:07Z,2.0166666666666666,TW,COCO,7,161,Melvin,Melvin,adut male,HC68,2026-02-18T17:29:11Z,2026-02-18T17:30:06Z,0.9216666666666666,0.0339,NA,0.14835,NA,NA,NA,0.16589225781845937,NA,0.3142422578184593,0,0,0,NA,NA
2026-HC-COCO-A-B__2026-02-18_17-39-42,2026-02-18T17:39:42Z,2.1222166666666666,TW,COCO,7,165,JUV 74,NA,juvenile,HC69,2026-02-18T17:40:43Z,2026-02-18T17:40:48Z,0.08,NA,NA,NA,NA,NA,NA,NA,NA,0,0,0,0,NA,NA
2026-HC-COCO-A-B__2026-02-19_06-52-24,2026-02-19T06:52:24Z,2.453883333333333,TW,COCO,7,172,JUV 79,NA,juvenile,HC70,2026-02-19T06:53:10Z,2026-02-19T06:53:26Z,0.26111666666666666,NA,0.0033333333333333335,NA,NA,NA,NA,0.1566499999999999,NA,0.1566499999999999,0,0,0,NA,NA
